Rank,Name,Active,Visits,Favourites,Likes,Dislikes,Rating
#1,Blox Fruits,"483,372","41,346,317,182","13,574,097","8,521,670","676,846",92.64
#2,Brookhaven ğŸ¡RP,"474,141","55,635,148,446","22,117,653","6,108,763","955,845",86.47
#3,Dress To Impress ğŸ’œ,"297,764","3,876,511,994","3,182,036","2,042,092","188,403",91.55
#4,PETS GO! âœ¨ [NEW],"172,411","145,691,211","199,254","275,267","20,140",93.18
#5,Murder Mystery 2,"159,531","18,310,453,247","19,306,585","8,001,198","786,705",91.05
#6,[UPDATE 1] Anime Vanguards,"142,586","534,044,793","578,491","1,592,383","52,159",96.83
#7,The Strongest Battlegrounds,"142,531","8,747,773,201","4,177,434","2,931,689","565,313",83.83
#8,Pet Simulator 99! ğŸƒ,"131,088","1,527,851,114","1,479,726","2,586,908","106,245",96.05
#9,Adopt Me! ,"109,439","37,679,655,130","26,994,071","7,323,639","1,441,230",83.56
#10,Berry Avenue ğŸ  RP,"77,150","4,495,186,748","2,309,040","681,793","99,257",87.29
#11,ğŸƒ DOORS ğŸ‘ï¸,"70,116","5,714,365,246","6,688,592","3,888,476","289,280",93.08
#12,ğŸƒ RIVALS,"63,878","1,247,731,942","13,213,395","2,751,053","118,321",95.88
#13,[TEN SHADOWS] Jujutsu Shenanigans,"63,255","966,867,976","943,813","747,236","133,201",84.87
#14,ğŸ¦‡Anime Defenders,"63,015","3,031,330,440","683,248","1,940,077","59,410",97.03
#15,ğŸŸï¸Dandy's World [ALPHA],"58,744","419,230,503","361,526","211,995","17,131",92.52
#16,(UPDATE 7) King Legacy,"48,482","3,160,603,105","2,277,534","1,338,140","135,726",90.79
#17,[ğŸƒ] Fisch,"44,174","23,455,912","149,970","74,557","9,433",88.77
#18,[âš”ï¸PVP] Toilet Tower Defense,"42,748","5,053,264,586","1,116,753","1,143,631","163,039",87.52
#19,Five Nights TD [ENDLESS],"38,875","386,846,247","235,250","206,878","15,767",92.92
#20,âœ¨ğŸƒEvade ğŸƒâœ¨,"37,301","5,225,026,775","5,355,653","2,116,112","130,103",94.21
#21,LifeTogether ğŸ  RP (UPDATE 33),"36,427","1,100,346,999","3,249,898","405,470","32,053",92.67
#22,[UPD] Blade Ball,"34,558","4,482,377,254","9,966,828","6,487,048","444,810",93.58
#23,Catalog Avatar Creator,"33,714","2,850,460,040","3,421,954","1,390,908","123,278",91.86
#24,Bee Swarm Simulator,"31,885","2,983,678,381","5,954,749","2,317,866","123,885",94.93
#25,ğŸƒ Creatures of Sonaria ğŸ² Survive Kaiju Animals,"31,040","988,137,128","3,626,207","702,610","72,945",90.59
#26,Heroes Battlegrounds,"30,567","609,308,166","832,980","516,804","97,962",84.07
#27,Welcome to Bloxburg,"30,204","8,998,091,859","13,559,019","5,308,107","714,569",88.14
#28,[HOSPITALğŸš‘] Baddies ğŸ’…,"29,185","417,741,111","5,540,968","98,029","36,796",72.71
#29,BedWars [ğŸ§Ÿ Infected],"28,950","9,730,460,482","4,207,094","2,182,722","462,232",82.52
#30,[ğŸƒ] NFL Universe Football,"27,617","305,376,899","514,940","221,633","23,740",90.32
#31, Piggy [DECAY CHAPTER],"27,466","13,110,395,425","11,669,525","3,615,821","406,011",89.9
#32,[ğŸ—¡ï¸JUJUTSU KAISENğŸŒƒ] A Universal Time 3.8ğŸš©,"27,434","783,659,514","1,303,904","789,071","134,184",85.47
#33,â˜ ï¸NIGHT 2â˜ ï¸  Tower Defense Simulator,"27,430","3,615,183,727","3,087,216","1,591,403","104,152",93.86
#34,[ğŸ‘»UPDATE] Slap BattlesğŸ‘,"25,718","2,390,168,629","2,325,962","1,443,268","244,238",85.53
#35, Sol's RNG [Era 9],"24,826","760,264,927","633,329","742,478","100,411",88.09
#36,ğŸƒ Hide or Die!,"24,358","34,061,192","1,326,949","17,487","4,724",78.73
#37,Build A Boat For Treasure,"23,803","4,091,953,952","7,634,669","3,053,389","227,152",93.08
#38,Metro Life ğŸƒ City RP,"23,752","1,006,988,782","23,923,941","175,306","25,683",87.22
#39,[SILENT ESPER] Ultimate Battlegrounds,"23,645","187,507,242","344,560","203,136","42,386",82.74
#40,Banana Eats ğŸƒ,"21,007","685,236,793","1,779,805","424,237","55,377",88.45
#41,Deepwoken,"20,535","1,043,314,511","783,111","332,021","44,658",88.14
#42,[ğŸƒUPDATE] Grand Piece Online,"19,607","1,000,386,904","1,418,706","977,760","107,491",90.1
#43,Gacha Online ğŸ­ RP [TRICK OR TREAT ğŸƒ],"19,154","2,497,830,378","2,436,761","571,753","185,356",75.52
#44,[MYTHICAL WOLF] Fruit Battlegrounds,"18,091","634,882,202","781,461","812,254","102,715",88.77
#45,Shindo Life [238],"17,772","2,484,974,513","2,937,002","2,049,373","138,752",93.66
#46,[ğŸƒ] Driving Empire ğŸï¸ Car Racing,"17,704","1,596,333,259","13,499,716","1,599,017","113,056",93.4
#47,Block Tales [Demo 3],"17,206","28,457,911","350,351","187,661","7,592",96.11
#48,ğŸƒ ABA ğŸƒ,"17,189","961,147,232","930,537","449,898","100,593",81.73
#49,[ğŸ›¡ï¸Clans +ğŸŒ€GodlyğŸ§¬] Anime Last Stand,"16,646","499,176,505","278,830","334,667","25,061",93.03
#50,The Haunt,"16,430","27,980,878","67,134","45,719","19,454",70.15
#51,3008 [2.73],"16,218","2,356,878,957","4,831,147","1,648,983","152,249",91.55
#52,Jailbreak ğŸ,"16,044","7,121,330,094","18,267,940","5,531,874","770,054",87.78
#53,PLS DONATE ğŸ’¸,"15,998","2,811,854,798","3,059,973","2,267,487","171,454",92.97
#54,ğŸ’¡LUMENIGH Dragon Adventures ğŸ‰ Fantasy Pets âœ¨,"15,573","1,015,399,157","6,323,469","735,333","62,383",92.18
#55,[UPDATE 4] Meme Sea,"15,300","404,771,445","290,897","293,171","21,549",93.15
#56,[UPGRADE] BARRY'S PRISON RUN! (OBBY),"14,819","2,783,481,197","1,192,431","277,775","198,934",58.27
#57,Fling Things and People,"14,661","1,159,210,024","1,636,987","519,403","152,529",77.3
#58,Flee the Facility,"14,506","4,613,743,557","8,921,302","2,332,856","201,301",92.06
#59,a dusty trip [ğŸƒHAUNT],"14,484","1,096,413,173","1,216,316","1,493,669","137,060",91.6
#60,[ğŸ’¥SHADOW] Sonic Speed Simulator,"14,339","1,043,201,234","2,070,882","1,416,767","110,986",92.74
#61,ğŸƒ WEEK 2! Car Dealership Tycoon,"14,327","2,050,639,057","3,091,222","1,356,810","101,249",93.06
#62,Murderers VS Sheriffs Duels,"14,123","1,065,259,854","674,633","301,416","56,571",84.2
#63,ğŸ”ªSurvive the Killer!,"13,643","2,183,953,849","3,818,530","874,213","97,986",89.92
#64,[Raider X] War Tycoon,"13,474","564,005,488","2,398,208","750,522","71,135",91.34
#65,Gym League ğŸƒ,"13,035","373,745,348","3,777,885","966,695","25,163",97.46
#66,Death Ball,"12,956","806,803,525","1,059,804","2,119,686","76,476",96.52
#67, [HALLOWEEN ğŸƒ] The Mimic,"12,843","982,471,025","2,901,837","979,569","107,362",90.12
#68,ğŸƒTHE RAVEYARDğŸƒPressure,"12,519","190,234,538","1,052,097","438,097","24,766",94.65
#69,ğŸƒ Arm Wrestle Simulator,"12,203","1,034,041,412","896,464","1,152,803","58,366",95.18
#70,RoyaleğŸƒHigh [Falling Leaves Festival!],"11,643","10,008,035,521","13,220,816","3,167,351","488,308",86.64
#71,Rainbow Friends,"11,501","3,757,565,867","3,190,871","1,310,399","277,667",82.52
#72,LivetopiağŸƒ Halloween Spooky Adventures,"11,306","4,712,153,408","27,971,083","1,256,077","136,840",90.18
#73,Football Fusion 2,"11,091","1,292,619,838","821,657","567,464","114,179",83.25
#74,"(HALLOWEEN EVENT, MAP CHANGES, + CARS!) Greenville","11,083","1,029,991,423","2,307,222","807,739","126,079",86.5
#75,Bayside High School ğŸ,"11,028","428,323,040","470,854","149,421","21,447",87.45
#76,Like or Pass,"11,027","28,088,718","41,358","24,287","8,126",74.93
#77,[Halloween PT1] Pillar Chase 2,"10,977","72,708,999","352,393","127,129","16,840",88.3
#78,Color or Die ğŸ¨,"10,697","683,657,966","1,134,166","1,193,151","120,540",90.82
#79,[RANKED] Anime Card Battle,"10,598","71,879,252","66,839","73,629","5,956",92.52
#80,[UPDATE!] Speed Draw!,"10,585","1,217,569,017","1,487,355","374,912","55,701",87.06
#81,Tower of Hell,"10,517","23,977,099,438","11,167,470","3,861,874","1,350,060",74.1
#82,Emergency Hamburg,"10,347","438,794,946","518,641","206,824","38,922",84.16
#83,Super League Soccer,"10,237","589,351,361","452,242","215,485","45,887",82.44
#84,Natural Disaster Survival,"9,737","3,156,480,783","10,613,951","3,731,751","381,657",90.72
#85,ğŸŒ²Emergency Response: Liberty County,"9,582","1,022,743,109","2,486,821","959,547","93,029",91.16
#86,[ğŸƒ]ğŸ•Work at a Pizza Place,"9,451","4,925,539,227","12,499,720","3,075,963","244,246",92.64
#87,Swim League [New World 7ğŸƒ],"9,294","28,278,554","732,203","56,632","2,694",95.46
#88,Escape Running Head,"9,172","2,151,768,605","1,620,648","250,102","77,303",76.39
#89,Pull a Sword,"9,038","212,296,809","381,483","967,004","25,215",97.46
#90,Elemental Powers Tycoon,"8,897","659,542,517","1,851,950","219,441","26,477",89.23
#91,Gunfight Arena | WW2,"8,363","515,817,802","1,113,672","438,540","57,953",88.33
#92,PLUSHğŸ§¸ Horse Life ğŸ,"8,156","107,654,702","1,278,698","290,459","8,700",97.09
#93,[ğŸ§›] MM2 Aim Trainer,"8,120","513,138,473","12,659,734","195,197","28,187",87.38
#94,Obby but you're a Spider [700M],"8,035","15,729,350","40,591","25,686","8,621",74.87
#95,ğŸƒ [UPD 14 HALLOWEEN] Anime Strike Simulator,"7,879","8,605,990","33,530","117,625","2,374",98.02
#96,[SUPER] untitled boxing gameğŸ¥Š,"7,866","667,405,334","788,718","736,297","118,594",86.13
#97,Realistic Street Soccer (3 on 3),"7,800","352,435,260","213,816","117,041","26,777",81.38
#98,[ğŸƒSTORY] Dragon Soul | Anime Adventure ğŸ²,"7,678","112,709,715","476,804","309,489","14,965",95.39
#99,Eat the World [NEW MAPS],"7,650","254,118,901","14,821,809","600,373","34,655",94.54
#100,Legends Battlegrounds,"7,628","55,788,243","134,860","79,807","19,277",80.54
#101,[ğŸ‚] item asylum ,"7,546","423,679,231","1,023,504","420,688","63,020",86.97
#102, Sonic.EXE: The disaster 1.2,"7,446","40,646,073","69,118","33,850","4,351",88.61
#103,[2X] ğŸƒBasketball LegendsğŸƒ,"7,408","349,763,156","355,388","238,806","51,529",82.25
#104,[ğŸƒ] Dungeon Quest! âš”ï¸ RPG Adventure,"7,342","2,150,159,395","4,202,863","1,069,156","96,616",91.71
#105,Spider,"7,278","2,444,883,605","2,570,379","528,517","200,540",72.49
#106,Combat Warriors ğŸ©¸,"7,221","1,167,958,416","2,218,694","1,255,365","232,747",84.36
#107,Together [Party Game] ğŸª¸ DEEP OCEAN! ğŸ¦‘,"7,190","223,440,795","744,691","86,381","16,055",84.33
#108,ğŸ’ªMuscle Legends,"7,121","1,840,670,996","2,350,637","900,012","131,242",87.27
#109,TYPE://SOUL [HALLOWEEN UPDATE],"7,009","506,018,314","359,535","255,645","61,973",80.49
#110,Build with Friends [ğŸƒ HALLOWEEN],"6,915","27,359,902","1,284,646","96,024","2,808",97.16
#111,[ğŸƒCHAPTER I] Tower Defense X: BETA,"6,812","218,103,058","267,484","278,470","12,557",95.69
#112,[ğŸŒ˜DARK] Be NPC or DIE!ğŸ’¢,"6,792","80,902,156","305,853","250,077","19,180",92.88
#113,Da Hood ğŸƒ,"6,779","2,659,750,248","2,966,793","1,235,617","513,242",70.65
#114,spookfest ğŸƒ Restaurant Tycoon 2,"6,741","1,380,969,730","3,922,950","1,200,112","92,379",92.85
#115,The Floor Is LAVA! ğŸ”¥,"6,695","2,588,160,566","3,316,529","707,454","231,003",75.38
#116,[HALLOWEEN] Sorcerer Battlegrounds,"6,672","368,342,324","588,651","342,862","86,643",79.83
#117,Warrior Cats: Ultimate Edition,"6,627","540,590,404","1,212,106","390,743","29,514",92.98
#118,MIC UP ğŸ”Š,"6,603","475,122,391","640,278","306,043","58,947",83.85
#119,Secret Staycation,"6,551","387,176,400","507,541","148,206","24,723",85.7
#120,Arsenal,"6,473","5,601,255,572","11,172,088","4,904,838","622,547",88.74
#121,Southwest Florida Beta,"6,394","621,582,028","1,644,439","630,771","70,758",89.91
#122,Theme Park Tycoon 2,"6,299","1,336,714,920","5,783,445","1,906,384","244,855",88.62
#123,Regretevator [ ELEVATOR SIMULATOR ],"6,258","111,875,165","606,060","226,285","22,197",91.07
#124,[PAGANI] Vehicle Legends ğŸï¸ CARS!,"6,211","1,539,051,510","2,262,778","1,023,770","70,590",93.55
#125,Gym Star Simulator[NEW TRAINERğŸ’ª],"6,188","48,128,043","99,671","50,339","3,220",93.99
#126,[ğŸƒ] Twilight Daycare!,"6,159","2,321,070,461","1,967,230","750,913","92,459",89.04
#127,ğŸ‘ï¸untitled tag gameğŸ‘ï¸ [DOORS!] ,"6,092","174,769,187","453,031","325,376","31,200",91.25
#128,ğŸ’œ MeepCity ğŸ’œ,"6,043","16,094,272,517","14,787,935","2,857,706","483,318",85.53
#129,Hide and Seek Extreme,"5,992","2,904,881,095","6,444,745","881,381","86,547",91.06
#130,[W49] Obby But Youâ€™re On a Bike,"5,940","1,407,316,033","5,708,158","773,710","236,023",76.63
#121,Southwest Florida Beta,"6,394","621,582,028","1,644,439","630,771","70,758",89.91
#122,Theme Park Tycoon 2,"6,299","1,336,714,920","5,783,445","1,906,384","244,855",88.62
#123,Regretevator [ ELEVATOR SIMULATOR ],"6,258","111,875,165","606,060","226,285","22,197",91.07
#124,[PAGANI] Vehicle Legends ğŸï¸ CARS!,"6,211","1,539,051,510","2,262,778","1,023,770","70,590",93.55
#125,Gym Star Simulator[NEW TRAINERğŸ’ª],"6,188","48,128,043","99,671","50,339","3,220",93.99
#126,[ğŸƒ] Twilight Daycare!,"6,159","2,321,070,461","1,967,230","750,913","92,459",89.04
#127,ğŸ‘ï¸untitled tag gameğŸ‘ï¸ [DOORS!] ,"6,092","174,769,187","453,031","325,376","31,200",91.25
#128,ğŸ’œ MeepCity ğŸ’œ,"6,043","16,094,272,517","14,787,935","2,857,706","483,318",85.53
#129,Hide and Seek Extreme,"5,992","2,904,881,095","6,444,745","881,381","86,547",91.06
#130,[W49] Obby But Youâ€™re On a Bike,"5,940","1,407,316,033","5,708,158","773,710","236,023",76.63
#141,BACK! /  MMV,"5,222","790,643","54,804",805,39,95.38
#142,Spray Paint!,"5,176","1,129,107,924","1,907,456","457,366","93,922",82.96
#143,ğŸƒ Funky Friday,"5,143","1,838,952,150","4,039,487","1,884,060","199,295",90.43
#144,Redcliff City ğŸ¡RP,"5,127","832,591,606","801,454","176,534","25,883",87.21
#145,Break In 2 (Story),"5,092","616,535,772","616,938","251,598","39,521",86.42
#146,Chained [2 Player Obby],"5,086","70,304,997","1,721,496","50,394","4,173",92.35
#147,(ğŸ”ªUPDATEğŸ”ª) Tha Bronx 2 ğŸ’¯,"5,086","75,260,456","154,300","57,807","18,224",76.03
#148,[NEW!] Pilfering Pirates [â›µ],"5,070","874,291,276","1,221,660","238,433","45,416",84
#149,[NEW] Mega Luxury Bus TycoonğŸš,"5,063","2,356,278","10,768","1,670",532,75.84
#150,ğŸŒ³ Lumber Tycoon 2,"5,019","1,177,131,987","4,459,036","1,940,432","272,239",87.7
#151,[ğŸ”¥ UPD] Skibidi Tower Defense,"4,981","539,329,341","1,806,070","411,630","29,940",93.22
#152,Boxing Beta! ğŸ¥Š,"4,969","620,499,198","907,896","255,293","56,974",81.75
#153,Kitten Game ğŸ¾,"4,944","264,384,426","372,460","121,734","11,044",91.68
#154,[NEW STYLES] fight in a school,"4,870","110,436,953","231,805","109,552","30,062",78.47
#155,[ğŸƒ] Skateboard Obby,"4,846","186,832,621","769,085","119,813","22,501",84.19
#156,PETS GO MODDED! ğŸƒ [PUMPKIN],"4,821","893,554","57,879","3,928",190,95.39
#157,ğŸƒ Maple Hospital,"4,809","1,163,745,473","1,023,930","308,776","56,953",84.43
#158,Guts & Blackpowder [HEADLESS HORSEMAN],"4,802","159,574,556","581,692","229,226","14,047",94.23
#159,[UPDATE 1] Skillful ,"4,785","3,190,407","12,020","12,274",872,93.37
#160,NewSmithğŸ RP Halloween!,"4,759","38,888,100","422,968","30,327","2,426",92.59
#151,[ğŸ”¥ UPD] Skibidi Tower Defense,"4,981","539,329,341","1,806,070","411,630","29,940",93.22
#152,Boxing Beta! ğŸ¥Š,"4,969","620,499,198","907,896","255,293","56,974",81.75
#153,Kitten Game ğŸ¾,"4,944","264,384,426","372,460","121,734","11,044",91.68
#154,[NEW STYLES] fight in a school,"4,870","110,436,953","231,805","109,552","30,062",78.47
#155,[ğŸƒ] Skateboard Obby,"4,846","186,832,621","769,085","119,813","22,501",84.19
#156,PETS GO MODDED! ğŸƒ [PUMPKIN],"4,821","893,554","57,879","3,928",190,95.39
#157,ğŸƒ Maple Hospital,"4,809","1,163,745,473","1,023,930","308,776","56,953",84.43
#158,Guts & Blackpowder [HEADLESS HORSEMAN],"4,802","159,574,556","581,692","229,226","14,047",94.23
#159,[UPDATE 1] Skillful ,"4,785","3,190,407","12,020","12,274",872,93.37
#160,NewSmithğŸ RP Halloween!,"4,759","38,888,100","422,968","30,327","2,426",92.59
#171,[ğŸ¤‘SALE] Pet World âœ¨,"4,531","6,707,657","14,369","15,480",867,94.7
#172,Paradise ğŸ  RP,"4,526","295,313,712","8,441,683","116,981","12,496",90.35
#173,[AKATâ˜ï¸] Ninja Tycoon (v4.5),"4,515","521,452,191","1,204,216","379,090","45,680",89.25
#174,[GHOST SHINOBI + DIO MOVES] Realm Rampage,"4,506","160,616,900","484,858","280,642","54,760",83.67
#175,[ğŸƒ]  Elemental Dungeons,"4,485","183,772,103","328,856","205,892","11,141",94.87
#176,[ğŸ§ŸZOMBIES] Military Tycoon Â®,"4,475","758,025,166","1,731,481","1,164,736","100,538",92.05
#177,[RNG] ğŸƒ Bid Battles!,"4,470","129,836,695","324,687","131,473","12,956",91.03
#178,My Toilet,"4,431","1,071,356","92,362","3,658",491,88.17
#179,ğŸƒ BAKE DA BABY,"4,381","136,244,693","3,477,763","177,902","18,927",90.38
#180,ğŸƒShrek in The Backrooms ,"4,363","437,509,058","1,122,853","387,913","53,230",87.93
#181,Underground War 2.0 âš”ï¸ [NUKE],"4,349","520,333,514","380,374","218,266","36,755",85.59
#182,ğŸ¸Animal Simulator,"4,343","1,283,765,999","1,698,000","344,789","70,224",83.08
#183, [ ğŸƒ HALLOWEEN ] TOD,"4,294","147,888,118","226,007","71,674","6,744",91.4
#184,ğŸƒ[HAYRIDE]ğŸƒAmerican Plains Mudding,"4,251","149,098,016","234,540","85,592","15,189",84.93
#185,Peroxide,"4,236","292,112,277","581,173","357,308","35,514",90.96
#186,Collect All Pets!,"4,216","157,797,182","277,644","108,854","8,460",92.79
#187,[UPDATE 1.58] Your Bizarre Adventure ,"4,170","1,972,283,212","1,862,822","1,335,989","161,809",89.2
#188,Broken Bones IV - Ragdoll Sim,"4,161","1,229,170,357","4,161,887","1,309,796","174,621",88.24
#189,[STAGE TWO!] ğŸ’ª Ninja Challenge [Beta],"4,149","13,714,138","19,544","18,120","2,396",88.32
#190,Giga Mansion Tycoon ğŸï¸,"4,087","109,107,902","188,274","107,510","4,355",96.11
#191,[ğŸƒHalloween] Tongue Battles,"4,066","128,020,808","214,311","379,620","27,915",93.15
#192,Draw & Switch,"4,064","71,856,936","229,110","18,313","4,222",81.26
#193,Scary Hide & Seek,"4,059","10,537,731","248,454","9,235","1,601",85.23
#194,[ğŸƒEvent] âš”ï¸Dungeon RNG,"4,041","32,580,647","643,969","312,933","6,830",97.86
#195,Seaside RPğŸ¡ğŸŒ´ New Luxury house!! ,"4,032","209,022,517","7,510,767","36,177","3,864",90.35
#196,Phantom Forces,"3,969","1,627,217,909","5,861,967","2,419,374","212,510",91.93
#197,SkyWars ğŸ”¥,"3,960","212,975,735","188,595","98,679","34,053",74.34
#198,ğŸƒSPOOKY!ğŸƒ Club Roblox RPğŸ‘¶ğŸ¡,"3,950","2,594,988,700","3,275,515","872,297","86,482",90.98
#199,[REVOLVER] LOCKED,"3,939","79,158,173","93,092","53,337","13,195",80.17
#200,Cheese Escape [Horror],"3,871","989,964,121","1,545,527","357,335","52,710",87.15
#201,ğŸ˜ˆ Mystery Killer,"3,824","616,510","55,712",198,39,83.54
#202,[ğŸƒFREE UGCğŸ§»]Skibidi Toilet Battle,"3,820","62,047,005","764,380","70,509","3,200",95.66
#203,Infectious Smile,"3,814","970,221,686","1,937,619","527,171","142,850",78.68
#204,Bloxy Bingo,"3,808","300,470,759","973,745","245,943","47,605",83.78
#205,[ğŸ€2X LUCK] Pixel Tower Defense,"3,780","20,080,755","175,337","70,331","2,452",96.63
#206,Highland Park ğŸ¡RP [FREE VIP],"3,767","51,911,066","3,720,408","45,271","3,504",92.82
#207,Pilot Training Flight Simulator,"3,705","456,536,455","1,466,115","602,480","48,172",92.6
#208,â˜„ï¸Don't Press The Button 4,"3,702","1,013,997,448","1,141,147","525,897","87,797",85.69
#209,Clip It ğŸ˜‚ğŸ¬ğŸ‘—,"3,668","99,198,792","179,547","51,377","15,864",76.41
#210,[HALLOWEEN! ğŸƒ] IT GIRL ğŸ€,"3,658","36,580,836","188,581","49,254","16,594",74.8
#211,Zombie Uprising,"3,645","1,039,840,259","3,200,111","918,989","47,285",95.11
#212,[ğŸƒUPD] Race Clicker,"3,629","795,297,037","1,193,823","1,302,085","55,715",95.9
#213,[ğŸï¸UPD!] Mansion Tycoon ğŸŒ´ğŸ ,"3,620","374,385,635","796,951","514,305","15,087",97.15
#214,DON'T GET ELIMINATED,"3,563","117,846,936","231,060","99,282","26,239",79.1
#215,Volleyball 4.2,"3,552","250,071,551","439,762","152,632","16,051",90.48
#216,LOCOfficial!,"3,552","203,389,464","829,409","210,858","29,034",87.9
#217,ğŸ¦ Survive and Kill the Killers in Area 51 !!!,"3,501","1,653,578,086","3,732,565","886,092","108,834",89.06
#218,[ğŸªPLANETS] Untitled Fling Game,"3,492","42,668,320","63,328","20,070","5,702",77.88
#219,Ninjitsu: Master of Elements,"3,457","1,741,334","46,165","10,062",675,93.71
#220,Color Block,"3,414","2,300,889,899","2,404,679","974,967","173,530",84.89
#221,âš¡Ninja Legends,"3,375","2,010,181,077","4,566,152","1,501,917","124,981",92.32
#222,[16 Prizes! ğŸƒ] Car Crushers 2 - Physics Sim,"3,369","1,118,426,573","4,373,876","1,508,354","121,909",92.52
#223,Zombies vs Humans,"3,362","11,353,292","65,168","33,035","5,573",85.57
#224,[ğŸƒ15X!! ] ğŸ’ªğŸ» Legacy Lifting Simulator,"3,294","6,747,668","9,971","10,348","1,099",90.4
#225,Survive 100 Days on Desert Island,"3,263","5,599,797","8,550","1,230",625,66.31
#226,[ğŸ’€]Survival Odyssey,"3,229","12,204,513","50,435","20,426","4,042",83.48
#227,ğŸ¦‡EVENT Drive World ğŸï¸ Drifting & Racing ,"3,220","256,304,832","3,809,477","395,351","21,037",94.95
#228,Really Easy Obby! ğŸŒˆ,"3,210","222,433,168","79,498","10,069","5,278",65.61
#229,[ğŸƒ]ğŸ²Character RNG,"3,196","44,389,092","75,155","77,594","6,527",92.24
#230,[Halloween] Forgotten Worlds,"3,190","434,910,981","1,039,337","273,451","29,565",90.24
#231,Arcane Odyssey [Halloween],"3,167","108,787,442","782,912","329,324","26,526",92.55
#232,Total Roblox Drama,"3,159","539,407,036","868,670","234,487","54,407",81.17
#233,[ğŸƒHalloween Event! ] Dealership Tycoon ğŸï¸,"3,158","62,676,316","149,290","90,261","4,011",95.75
#234,ğŸƒEVENT World // Zero âš”ï¸ Anime RPG,"3,148","360,551,505","1,950,498","810,060","43,949",94.85
#235,Escape The Carnival of Terror Obby! ,"3,129","855,130,474","633,957","95,296","78,284",54.9
#236,Build to Survive!,"3,112","648,020,580","620,798","157,189","39,140",80.06
#237,Secret Killer,"3,104","64,357,439","178,357","103,695","8,902",92.09
#238,Snake Simulator,"3,094","19,326,542","1,127,377","28,681","13,323",68.28
#239,[2X] War Machines,"3,081","193,539,902","389,518","123,108","11,412",91.52
#240,ğŸƒ[10X] Strongman Simulator,"3,062","1,428,932,064","2,014,254","676,884","53,718",92.65
#241,Sword Clashers Simulator âš”ï¸,"3,060","967,012","7,994","13,348",308,97.74
#242,The Curse [UPDATE],"3,025","6,986,892","79,002","16,707","4,530",78.67
#243,(ğŸƒHalloweenğŸƒ) Loomian Legacy ,"3,014","857,435,745","2,722,990","890,809","75,725",92.17
#244,ğŸ”¥ BIG Paintball 2!,"3,006","159,454,786","328,720","241,967","51,067",82.57
#245,[ğŸƒ HALLOWEEN ğŸ‘»] Doodle World,"3,003","103,141,694","439,584","193,479","15,700",92.49
#246,[ğŸƒHalloween] Weapon Fighting Simulator,"2,999","499,354,687","842,648","530,569","36,610",93.55
#247,Car Suspension Test,"2,999","218,367,183","2,890,209","53,222","8,395",86.38
#248,Garden Defense!ğŸ§Ÿâ€â™‚ï¸,"2,991","9,742,940","214,696","6,187","1,877",76.72
#249,Project Smash,"2,982","156,205,093","320,978","154,619","46,696",76.8
#250,ğŸƒBooga Booga [REBORN],"2,975","160,266,834","346,837","121,564","25,589",82.61
#251,ğŸ”¥ [2x Power Event] Anime Revolution X,"2,972","1,002,655","2,408","5,669",158,97.29
#252,Legends Of Speed âš¡,"2,972","1,762,993,828","3,625,772","1,018,160","96,797",91.32
#253,Bloxcity RP,"2,972","42,946,933","10,204","1,354","1,778",43.23
#254,[YUTA] Jujutsu Beatdown,"2,962","21,704,137","111,844","125,760","12,478",90.97
#255,ğŸ˜ˆ TRAITOR!,"2,960","369,074","34,724",212,49,81.23
#256,Yeet A Friend!,"2,921","346,554,392","818,568","634,145","33,904",94.92
#257,don't let her in ğŸ [GAMEMODES],"2,891","7,706,046","65,057","14,820","1,464",91.01
#258,[ğŸ‘»THE HAUNT]Keys ğŸ—ï¸ Season 20,"2,890","274,268,735","9,232,616","78,170","8,764",89.92
#259,[UPD] Snowboard Obby â„ World 8,"2,872","196,703,055","5,297,882","45,470","23,166",66.25
#260,Find The Markers (237),"2,867","800,250,145","1,246,705","376,692","83,578",81.84
#261,[ğŸƒ] Ultimate Home Tycoon ğŸ  ,"2,862","110,232,763","456,171","331,188","7,319",97.84
#262,Rise of Nations,"2,849","231,258,157","528,406","230,772","32,257",87.74
#263,[ğŸƒUPDATE] âœˆï¸Cabin Crew Simulator,"2,840","218,207,297","754,296","269,261","21,534",92.59
#264,Drive it! [2 Player Obby] ğŸƒ,"2,839","19,295,704","105,174","103,234","3,406",96.81
#265,ESCAPE THE PLAYGROUND OBBY!,"2,788","9,372,125","20,528","2,806","2,211",55.93
#266,ğŸƒUPDATEğŸƒ SharkBite 2 ğŸ¦ˆ,"2,785","335,467,558","566,117","316,552","41,118",88.5
#267,[AFC AJAX EVENT] Real Futbol 24,"2,779","132,045,182","175,702","94,360","16,413",85.18
#268,Crazy Cards ğŸ¤£ [UPDATEğŸ”¥],"2,769","52,486,622","266,983","46,154","10,646",81.26
#269,Youtuber Tycoon! [ELEVATOR] ,"2,761","574,463,223","637,677","225,144","35,832",86.27
#270,CRAZY CHEFS! ğŸ‘¨â€ğŸ³,"2,759","40,675,299","39,855","7,355","4,680",61.11
#271,ğŸŒ³Super Treehouse Tycoon 2,"2,758","5,196,614","27,136","4,156",706,85.48
#272,Math Tower Race,"2,752","50,295,680","42,198","22,910","2,668",89.57
#273,Super Hero Tycoon,"2,738","2,311,978,930","10,039,590","711,724","161,595",81.5
#274,TPS: Street Soccer ğŸ†,"2,723","666,122,797","560,159","230,450","81,156",73.96
#275,Insane Elevator!,"2,721","1,137,163,514","1,282,476","204,314","33,950",85.75
#276,Death Penalty ğŸƒ,"2,714","84,793,038","388,764","86,184","13,962",86.06
#277,SCP: Roleplay,"2,708","338,062,936","1,064,093","439,444","56,995",88.52
#278,ğŸƒ [STANDS + MASTERY QUEST] Anime Simulator,"2,692","17,155,418","79,553","75,513","2,994",96.19
#279,Team Daycare Escape! (TEAMWORK OBBY),"2,676","327,677,919","184,465","20,778","9,169",69.38
#280,[SEASON 4 ğŸ¡] ğŸ€ RH2 The Journey - BETA,"2,662","49,377,301","161,692","77,787","11,706",86.92
#281,Obby Creator,"2,634","431,960,993","905,857","249,710","64,211",79.55
#282,Granny: Multiplayer,"2,630","562,369,135","550,137","81,162","18,628",81.33
#283,[ğŸƒBoss] Bathroom Attack,"2,629","373,180,712","1,832,852","240,999","16,472",93.6
#284,Epic Minigames [ğŸƒQUEST],"2,619","2,125,657,852","6,885,848","1,912,708","219,236",89.72
#285,FORTLINE,"2,594","53,844,752","3,828,544","9,055","2,709",76.97
#286,"Red Light, Green Light (FIX)","2,563","976,553,347","1,595,603","376,001","99,582",79.06
#287,Daycare ğŸ’¥ [PADDED CELLS :D],"2,562","25,169,657","77,808","26,568","10,347",71.97
#288,ğŸ”¨Plane CrazyğŸ”¨ [UPDATE],"2,560","360,989,183","1,075,995","341,279","80,541",80.91
#289,[ğŸƒ] Criminality,"2,556","203,847,730","658,566","289,946","90,632",76.19
#290,ğŸƒ[ğŸ”¥UPD9]Cultivation Simulator,"2,552","6,915,334","25,413","39,984","2,167",94.86
#291,Touch Football,"2,551","82,728,403","38,450","28,893","5,851",83.16
#292,ğŸƒSilly Simon Says,"2,545","301,958,705","360,864","104,617","24,715",80.89
#293,Draw or DIE!!!,"2,543","16,173,487","42,705","5,251","5,238",50.06
#294,Murderers vs Sheriffs 2,"2,538","70,288,062","49,309","17,809","6,217",74.12
#295,[UPD] Create a Cart Ride!,"2,529","543,538,815","393,467","403,562","65,327",86.07
#296,Detention Line ğŸ˜¡,"2,516","6,665,302","1,359,912","4,082","1,026",79.91
#297,Be a Tornado,"2,514","34,027,969","1,228,618","105,542","10,058",91.3
#298,Fishing Simulator ğŸŸ,"2,512","440,977,801","1,740,547","712,475","65,855",91.54
#299,Escape Papa Pizza's Pizzeria! (SCARY OBBY),"2,499","592,250,938","418,905","79,410","93,035",46.05
#300,SCP Games and SCP Monsters,"2,484","619,136,100","574,070","91,487","23,237",79.75
#301,ğŸ›’Retail Tycoon 2,"2,476","261,513,231","1,221,612","440,498","60,480",87.93
#302,Five Nights TD Modded 2[ğŸƒEARLY ACCESS + EVENTğŸƒ],"2,465","787,291",694,682,43,94.07
#303,The Survival Game [â˜ ï¸ Halloween!],"2,439","230,197,980","703,988","228,611","51,716",81.55
#304,Islands ğŸ‘©â€ğŸŒ¾,"2,439","2,241,277,292","3,371,255","1,203,121","138,424",89.68
#305,[ğŸƒTHE HAUNT] Blair,"2,438","171,812,356","660,282","170,987","13,617",92.62
#306,[UPD] Car Of Hell,"2,423","22,217,016","20,149","9,716","4,706",67.37
#307,Halloween Obby!,"2,421","13,628,969","2,451,850","1,988",940,67.9
#308,[UPD] Eat Slimes to Grow HUGE,"2,408","38,398,184","1,443,444","73,815","27,506",72.85
#309,Field Trip Z,"2,404","1,011,117,076","1,670,515","313,591","90,456",77.61
#310,GEF,"2,392","92,820,413","3,389,121","90,141","19,003",82.59
#311,Shin Sonic Meal Line Simulator,"2,381","2,215,162","442,397","3,121","1,381",69.32
#312,Apocalypse Rising 2,"2,378","101,273,864","735,946","199,556","27,150",88.02
#313,Conquer Europe WW2 [ğŸƒHalloween UpdateğŸƒ],"2,369","23,091,479","156,892","21,918","4,920",81.67
#314,Ultra Toilet Roleplay 2 [11.0],"2,365","132,071,240","114,772","58,537","6,884",89.48
#315,My Pet Rock,"2,364","3,333,640","16,184","3,514","1,838",65.66
#316,[PANTHER] META LOCK,"2,356","70,835,744","49,178","43,391","7,161",85.83
#317,ChickenğŸ”,"2,350","12,010,810","46,895","25,485","2,706",90.4
#318,Marvel and DC Super Heroes,"2,343","692,044,298","617,717","153,390","76,145",66.83
#319,ğŸƒ FNAF: Coop ğŸƒ,"2,339","128,979,722","1,061,329","143,612","8,945",94.14
#320,[UPD] One Punch Fighters X ğŸƒ,"2,331","2,127,216","13,881","26,026",835,96.89
#321,[FREE ADMIN],"2,313","1,739,500,365","11,008,960","1,063,761","280,252",79.15
#322,ğŸƒ Build to Survive ğŸ› ï¸ [TESTING],"2,312","45,268,378","467,535","14,505","1,767",89.14
#323,[ğŸƒ] Spindown,"2,308","9,840,938","121,760","73,683","4,064",94.77
#324,NEW ACCESSORIES! A Lion's Pride Alpha - Lion RP ğŸ¦,"2,301","73,774,515","134,061","38,330","3,274",92.13
#325,RUSHED OUT!,"2,299","2,527,936","48,143","8,189",810,91
#326,Cook Burgers,"2,298","547,662,230","1,596,634","448,746","100,063",81.77
#327,[ğŸƒ] Squid Game,"2,287","1,493,775,326","2,073,823","915,118","161,376",85.01
#328,[EVENT + 4x] Cheese TD,"2,287","57,242,939","44,391","24,517","4,751",83.77
#329,Wacky Wizards,"2,280","890,818,235","1,967,657","575,530","60,958",90.42
#330,[ğŸƒEVENT] Football RNG.,"2,269","48,799,461","58,893","36,562","4,929",88.12
#331,ğŸ€ Ally's Murder Mystery 2 (MM2),"2,256","430,404","48,447",131,22,85.62
#332,[UPDATE + 4X] All Star Tower Defense,"2,254","7,522,324,486","2,320,653","1,430,716","128,881",91.74
#333,Just Build!,"2,251","3,712,386","269,191","4,635",334,93.28
#334,[ğŸƒHALLOWEEN] Anime Souls Simulator X,"2,248","29,961,223","50,480","67,062","4,003",94.37
#335,Don't leave the circle!,"2,239","207,389,968","122,218","20,076","16,102",55.49
#336,Apeirophobia,"2,230","320,260,781","1,782,323","496,789","39,610",92.62
#337,EPIC SCHOOL ESCAPE! (OBBY),"2,229","9,975,202","3,909",728,663,52.34
#338,Demon Blade,"2,210","90,224,854","215,148","368,689","14,956",96.1
#339,[ğŸ§© Dream] Anime World Tower Defense,"2,209","155,109,355","169,832","97,315","9,737",90.9
#340,Fantasia ğŸ‘‘,"2,188","246,068,195","1,797,858","155,839","15,024",91.21
#341,Pokemon Brick Bronze | Roria Conquest,"2,172","261,636","3,035",880,61,93.52
#342,Free Draw,"2,155","279,268,234","1,054,160","306,772","68,812",81.68
#343,Hungry Pig,"2,155","56,230,875","52,702","15,364","3,277",82.42
#344,[2X COINS WEEKğŸ¤‘] Toilet Legacy Defense,"2,153","14,037,418","19,752","30,419","3,537",89.58
#345,[EVENT] Fallen SurvivalğŸ¹,"2,145","16,843,873","163,393","26,284","4,080",86.56
#346,[NEW FRUIT]Anime Dungeon Fighters,"2,139","84,737,301","339,820","811,849","17,113",97.94
#347, Michael's Zombies [HALLOW'S EVE],"2,139","181,596,177","972,257","317,592","26,193",92.38
#348,GRUMPY GRAN! (SCARY OBBY),"2,134","466,469,900","266,405","63,148","34,078",64.95
#349,Answer or Die,"2,129","225,905,982","4,000,296","158,439","40,572",79.61
#350,[BROLY MASTERY] Z Battlegrounds,"2,125","262,243,354","394,186","195,698","58,040",77.13
#351,The Chosen One,"2,120","150,990,480","134,785","78,617","19,558",80.08
#352,Industrialist [HEAVY INDUSTRY],"2,111","7,429,795","84,084","24,314","1,663",93.6
#353,Monster Slayer[UD1],"2,096","1,001,507","1,736",772,147,84
#354,Break All Bones!,"2,093","9,303,022","1,128,067","1,018","1,536",39.86
#355,â“ LUCKY BLOCKS Battlegrounds,"2,091","1,579,106,759","6,455,207","713,273","258,947",73.37
#356,ğŸš©Expedition Antarctica,"2,088","322,291,694","1,336,227","331,444","58,573",84.98
#357,Impossible Squid Game! Glass Bridge 2,"2,080","53,714,061","54,002","39,406","3,757",91.3
#358,ğŸƒMidnight Fried Chicken [HORRORWEEN],"2,071","2,508,867","56,973","8,189","2,810",74.45
#359,[Trick or Treat ğŸƒ] Scary Sushi ,"2,069","64,045,822","418,951","85,555","10,846",88.75
#360,[UPD! ğŸƒ] Bladers: Rebirth,"2,069","36,296,836","140,999","63,916","4,423",93.53
#361,ZO SAMURAI SWORD FIGHTING,"2,059","544,949,768","1,569,434","682,831","145,997",82.39
#362,DON'T GET RIZZED,"2,058","6,256,131","41,221","27,177","3,205",89.45
#363,Sneaker Resell Simulator,"2,049","55,584,642","122,375","50,373","4,741",91.4
#364,Pull a Friend [2 Players] [ğŸƒHALLOWEEN],"2,045","221,587,729","488,637","48,557","22,647",68.19
#365,Mad City: Chapter 1,"2,034","2,673,301","10,929","6,931",499,93.28
#366,Blocks n' Props,"2,027","336,558,218","675,892","271,748","75,643",78.23
#367,[Free UGC]My Hello Kitty Cafe(Tycoon),"2,021","441,580,628","1,740,812","795,437","28,369",96.56
#368,Pick A Song,"2,020","6,202,332","12,231","4,552",656,87.4
#369,SILLY SCIENCE! ğŸ§ª ,"2,019","3,362,034","3,404",460,315,59.35
#370,Every Click +1 Jump ğŸš€,"2,013","8,313,682","890,974","10,957",677,94.18
#371,SCP Monsters or Trevor Creatures,"2,008","193,581,851","68,063","10,696","6,025",63.97
#372,Flag Wars! ğŸ’¥ ,"2,006","584,024,952","3,180,705","412,869","51,177",88.97
#373,My Restaurant! ğŸ‘¨â€ğŸ³,"1,997","823,454,687","2,642,593","1,038,352","96,127",91.53
#374,[ğŸƒ] Rogue Lineage,"1,966","354,939,244","306,628","114,402","22,154",83.78
#375,[ğŸ¡Mochi+ObservationğŸƒ] Jujutsu Piece,"1,960","9,106,443","92,088","80,346","6,706",92.3
#376,Murderers vs. Sheriffs,"1,953","757,385,462","879,478","226,910","74,900",75.18
#377,vLife ğŸ¡ RP,"1,949","5,005,643","27,279","3,681","1,061",77.63
#378,Colony Survival ( Iron Update! ğŸ­),"1,932","17,761,062","102,205","22,846","3,566",86.5
#379,Merge Toy,"1,927","2,582,792","8,270","5,368","1,428",78.99
#380,Basically FNF: Remix,"1,926","488,006,756","1,032,561","343,092","40,327",89.48
#381,[â˜€ï¸SUMMER UPDATEâ˜€ï¸] Streetz War 2,"1,924","65,262,901","385,568","72,163","11,585",86.17
#382,Team Soccer (3 vs. 3),"1,922","34,299,408","339,797","13,363","4,854",73.35
#383,âœˆRED VS BLUE PLANE WARS!,"1,909","256,122,292","238,142","53,975","22,614",70.47
#384,Carry A Friend! (Teamwork Obby),"1,892","331,160,893","10,965,536","285,655","18,652",93.87
#385,therapy ğŸ”Š,"1,891","68,666,787","304,137","53,575","6,341",89.42
#386,GREAT SCHOOL BREAKOUT! (First Person Obby),"1,887","670,935,831","349,261","80,719","78,682",50.64
#387,ğŸƒDuck Army!,"1,887","23,726,111","69,141","128,692","4,028",96.97
#388,"[LIVE EVENT SOON!] Jupiter, Florida BETAğŸï¸ CARS","1,878","25,844,029","103,778","50,905","8,388",85.85
#389,Warfare Tycoon,"1,878","96,803,487","393,449","121,676","22,142",84.6
#390,[EVENTğŸƒ]Demon Soul Simulator,"1,868","247,144,911","956,493","396,675","27,023",93.62
#391,Ohio. ğŸƒ,"1,857","203,978,548","366,191","370,314","42,149",89.78
#392,[ğŸ‘»UPD] Phantom Ball,"1,843","93,356,427","3,751,183","85,602","7,691",91.76
#393,Teamwork Puzzles (Obby),"1,841","272,326,786","134,999","16,097","32,588",33.06
#394,ğŸƒStickman TD,"1,837","15,206,067","19,174","15,376","1,802",89.51
#395,Salon de Fiestas,"1,836","236,495,375","347,710","109,105","15,338",87.67
#396,[ğŸƒEVENT] Disaster Island ğŸï¸ Survival,"1,824","45,076,403","2,677,993","44,792","3,705",92.36
#397,Multicrew Tank Combat 4,"1,821","46,938,190","185,773","68,214","13,703",83.27
#398,ğŸ¥ª Sandiwch Restaurant Tycoon,"1,815","3,907,157","13,641","19,555",768,96.22
#399,Clone Engine,"1,812","15,740,165","2,530,680","11,594",908,92.74
#400,[HALLOWEEN] Rogue Demon,"1,809","529,584,507","610,587","320,654","71,257",81.82
#401,Duckhaven ğŸ¦† RP,"1,807","2,687,657","6,546","1,255",290,81.23
#402,[ğŸƒ UPD] Bike of Hell,"1,801","402,933,700","1,126,004","270,365","96,961",73.6
#403,Westbound,"1,799","322,700,368","1,255,375","424,338","67,557",86.27
#404,Public Bathroom,"1,797","1,144,444","114,720",376,428,46.77
#405,âœ¨Collect The Body,"1,784","157,383,791","334,117","572,587","24,182",95.95
#406,Off-Roading Epic,"1,782","121,054,778","2,637,853","88,550","9,495",90.32
#407,ğŸ UPD Farming and Friends,"1,775","143,288,787","528,535","186,648","27,817",87.03
#408,Impostor,"1,772","139,278,396","356,555","50,988","15,824",76.32
#409,ğŸ´ Animal Life: Forest RPğŸºğŸ»ğŸ¦ŒğŸ¦ğŸ°,"1,761","158,634,335","197,502","44,166","6,383",87.37
#410,[ğŸƒ Halloween Event!] Dinosaur Simulator,"1,760","292,204,698","1,280,463","414,463","103,993",79.94
#411,[Beta] Dragon Ball RP: Azure,"1,760","80,357,638","95,472","29,155","4,199",87.41
#412,Sakura Stand,"1,755","254,529,135","271,425","139,546","34,377",80.23
#413, ğŸ”¥ Dragon Blox ,"1,753","549,474,603","1,221,100","418,507","41,569",90.96
#414,[FREE WEEKEND] ğŸ§Ÿ Aftermath ğŸ’¥,"1,746","29,068,564","449,248","106,633","22,590",82.52
#415,[DISCO DANCE | +10 EMOTES] ğŸƒ TTD 3,"1,746","1,099,935,212","2,574,110","751,879","127,958",85.46
#416,Tsunami Game,"1,742","179,758,269","492,617","106,935","27,907",79.3
#417,The Dropper âœ¨ [130+ LEVELS!],"1,732","648,365,469","1,429,705","291,471","130,592",69.06
#418,Easy Obby,"1,730","1,383,614,278","1,040,207","194,813","52,334",78.82
#419,Zombie Attack,"1,730","1,613,042,808","5,766,277","1,267,000","79,214",94.12
#420,[UPDATE 1] Project: Afternight,"1,724","14,731,714","96,598","39,744","4,017",90.82
#421,MMV / Murder Mystery V,"1,723","779,240","35,200",554,42,92.95
#422,Slide Down A Hill,"1,707","132,979,302","167,802","111,482","13,524",89.18
#423,build a nuke factory and destroy the world tycoon,"1,704","1,760,459","23,898","9,143","1,828",83.34
#424,Chained Together [2-3-4 PLAYER],"1,697","59,329,447","265,159","24,072","9,164",72.43
#425,Isles of Ravos ğŸ²,"1,694","1,675,339","7,544","5,087",306,94.33
#426,Death in the Box,"1,693","24,233,271","190,095","28,925","2,578",91.82
#427,Realistic Hand RP ğŸ–ğŸ©ğŸ˜‹ [UPDATE],"1,690","398,091,165","762,564","163,056","24,289",87.04
#428,Trampoline Battle Simulator,"1,689","16,573,327","14,257","12,442","1,228",91.02
#429,ğŸƒğŸ£ Conveyor Sushi Restaurant,"1,684","139,773,548","658,380","217,134","11,677",94.9
#430,[UPD] Push-Up Training Simulator,"1,682","30,074,996","1,343,326","131,231","3,706",97.25
#431,Bendy and the ink Machine,"1,679","84,554,008","80,852","23,659","6,489",78.48
#432,[ğŸƒEvent]Weapon Warrior Simulator ,"1,678","58,650,800","2,150,641","659,927","15,081",97.77
#433,[ğŸ‘‘ EXTREME] Anime Dimensions Simulator,"1,674","1,333,186,455","2,696,671","1,998,198","56,993",97.23
#434,Find Floppas!ğŸ˜º,"1,669","723,365","36,799",732,24,96.83
#435,Pop It Trading âœ¨,"1,666","727,127,932","2,052,372","196,718","46,878",80.76
#436,Guess the drawing!,"1,666","248,049,505","699,115","111,002","24,687",81.81
#437,[FPS] Gun Grounds FFA,"1,661","47,608,210","52,127","15,879","5,129",75.59
#438,Abyssal (Obby-Adventure),"1,659","14,447,282","264,423","62,240","2,608",95.98
#439,[â°] ğŸŒ´ Outlaster,"1,656","292,450,505","915,753","249,831","42,243",85.54
#440,Be a Snake,"1,655","52,638,702","73,819","80,244","10,182",88.74
#441,[FREE STEALTH] KJ ARENA,"1,644","38,758,712","80,943","90,995","12,364",88.04
#442,Grab! [2 Player Obby],"1,638","2,828,006","82,237",894,276,76.41
#443,[UPD] ğŸ™ï¸ City Defense Tycoon,"1,637","2,968,175","11,276","28,650","1,624",94.64
#444,EMOTIONS POLICE FAMILY PRISON RUN ESCAPE! (Obby),"1,635","25,195,441","206,478",533,746,41.67
#445,[NEW CODE] Project Polaro,"1,635","591,273","2,959","1,005",103,90.7
#446,LewisLife ğŸ¡ RP [Free UGC],"1,633","216,223,502","3,003,164","32,910","8,147",80.16
#447,Speed Run 4 NIGHTMARE Mode,"1,632","3,052,220","20,066","4,203","3,701",53.18
#448,Growing Up - ğŸƒHalloween EventğŸƒ,"1,631","600,681,209","1,981,726","560,310","90,013",86.16
#449,[ğŸ’« UPD 3] Souls Tycoon,"1,630","1,008,426","10,134","15,840",602,96.34
#450,[Public Beta] Vision,"1,627","6,153,315","22,690","10,366","2,359",81.46
#451,Get Fat And Roll Race,"1,626","45,380,212","82,392","53,535","5,986",89.94
#452,[ğŸƒ EVENT] The Presentation Experience,"1,623","394,674,029","1,375,084","445,683","36,618",92.41
#453,Best Avatar,"1,615","27,819,570","39,651","20,165","5,291",79.22
#454,[Update 1.5ğŸ†ğŸ¥¶] Project Slayers,"1,613","613,682,979","1,132,020","723,369","69,992",91.18
#455,Ability Wars,"1,613","409,410,638","653,578","356,837","97,884",78.47
#456,ğŸ’¿ KOYA DANCE STUDIO,"1,606","18,051,830","95,500","21,073","1,546",93.17
#457,Centipede,"1,606","277,982,099","308,347","42,695","15,072",73.91
#458,Easy Grow Obby,"1,603","418,008,049","22,909,960","58,101","17,449",76.9
#459,ğŸª‚ Ragdoll Physics [Skydiving],"1,602","193,156,266","161,921","35,607","11,911",74.93
#460,Saber Showdown,"1,599","197,187,745","394,355","328,176","28,523",92
#461,[CHIKIRI BAI BAI] Ragdoll Engine,"1,598","252,786,255","5,091,257","164,592","31,420",83.97
#462,Cart + Car Ride into GigaNoob!,"1,597","405,473,989","189,465","36,717","17,401",67.85
#463,My Little Pony Tycoon,"1,580","11,480,593","67,530","10,959","1,005",91.6
#464,[ğŸ‰NEW LOBBY] Sing It! Karaoke Battles [VCğŸ¤],"1,577","8,066,828","88,797","8,341",588,93.41
#465,Build & Survive,"1,574","128,492,676","82,319","14,534","12,372",54.02
#466,[HALLOWEEN Miraculousâ„¢ RP: Ladybug & Cat Noir,"1,571","769,644,288","1,094,899","204,729","36,329",84.93
#467,ğŸ¦„ My Little Pony: Bridlewood RP [BETA],"1,570","9,393,630","280,790","4,111",932,81.52
#468,[UPD] Hide & Sneak,"1,568","248,741,391","277,693","60,120","20,220",74.83
#469,[ULTRA INSTINCT] Super Evolution,"1,567","138,187,062","466,986","182,511","16,467",91.72
#470,Unnamed Shooter,"1,554","35,782,124","94,527","37,886","13,339",73.96
#471,H2O Mermaid Testing,"1,551","477,552,794","413,290","49,804","15,278",76.52
#472,Speed Run 4 ğŸ©ğŸ˜‹[UPDATE] ,"1,549","1,596,814,065","4,389,562","984,222","332,726",74.74
#473,Yoinkz! [2-Player],"1,548","793,746","44,176","2,543",336,88.33
#474,MAKE EVERYONE BALD TYCOON [HARDCORE ğŸ˜¤],"1,548","11,747,710","65,815","113,539","3,549",96.97
#475,Teamwork Puzzles 2 (Obby),"1,547","713,438,147","13,630,790","634,145","46,600",93.15
#476,Good Girls Sorority,"1,546","641,960,260","1,575,969","203,427","51,891",79.68
#477,Digging Simulator,"1,536","12,945,426","20,267","17,673","1,631",91.55
#478,Toby's HOSPITAL (SCARY OBBY),"1,534","51,845,718","84,411","38,352","9,270",80.53
#479,[NEW BUILDSğŸ”¨] Trident Survival,"1,532","66,602,690","119,584","26,697","9,337",74.09
#480,[ğŸ’2X] Titan Tower Defense,"1,528","56,960,534","254,797","67,221","3,898",94.52
#481,ğŸ¥ŠPunch Monsters!ğŸ¥Š,"1,527","58,039,410","46,398","13,095","3,050",81.11
#482,[ğŸƒSKINSğŸƒ] Yellowstone Unleashed,"1,521","40,119,756","157,114","116,197","7,378",94.03
#483,[ğŸƒDANDADAN + 3X] Anime Spirits,"1,520","33,457,813","63,069","74,737","8,288",90.02
#484,Home Run Simulator,"1,520","14,361,873","18,311","5,613","2,709",67.45
#485,Ultra Power Tycoon,"1,513","478,901,506","526,559","250,470","52,793",82.59
#486,[HALLOWEEN + ğŸ“ˆ x4] AOPG,"1,502","321,284,986","593,631","567,779","50,740",91.8
#487,Bulked Up [HALLOWEEN],"1,492","413,201,523","2,522,531","244,510","33,021",88.1
#488,starving artists (DONATION GAME),"1,490","421,227,337","1,237,389","466,532","53,280",89.75
#489,Realistic Ragdoll Physics,"1,487","270,167,105","382,133","92,545","19,174",82.84
#490,ğŸƒ RH Dance Studio,"1,484","124,913,434","263,625","77,891","7,612",91.1
#491,ğŸŒ´ monkey raft ğŸŒ´,"1,467","63,652,102","198,200","32,558","5,054",86.56
#492,Tallest Bungee Jump Obby,"1,464","1,461,010","208,213","28,656","2,336",92.46
#493,[ğŸƒEVENT!ğŸƒ] Stat Grinding Simulator 3 â¬†ï¸,"1,464","5,581,770","20,105","8,674",853,91.05
#494,[ğŸƒ EVENT] Pet Story ğŸ¶,"1,459","375,001,887","1,040,209","517,641","25,019",95.39
#495,BEAT BOUNCE ğŸ¶,"1,455","48,949,621","47,792","19,639","18,254",51.83
#496,ENTRENCHED WW1 BETA,"1,446","88,785,416","623,977","173,363","16,026",91.54
#497,[ğŸƒHALLOWEEN PT 2 + GOJO+SUKUNA V2ğŸ‘»],"1,442","9,591,259","32,253","40,071","4,606",89.69
#498,Ray's Mod (ğŸƒHALLOWEEN EVENTğŸƒ),"1,438","239,932,361","841,613","249,447","33,581",88.14
#499,Money Clicker Incremental,"1,437","1,787,249","8,846","4,124",734,84.89
#500,Prison Life,"1,423","2,472,777,590","5,544,332","1,253,696","223,805",84.85
#501,[UPD] Dragon Ball Nexus,"1,422","13,372,075","124,636","50,551","3,378",93.74
#502,Sprunki - 3D Roleplay! (EARLY TESTING),"1,419","4,684,549","9,275","2,444",325,88.26
#503,Rate My Avatar,"1,418","283,860,605","460,686","188,141","36,440",83.77
#504,Nitro Car ,"1,416","51,018,460","3,041,067","13,736","1,914",87.77
#505,[Free UGC!] Raise a Rainbocorn!ğŸ¦„ Pets + Roleplayâ­,"1,415","11,582,180","34,948","22,379","1,655",93.11
#506,Mining Tycoon ğŸ’ [X2 EVENT!],"1,402","3,137,078","23,402","34,833","1,389",96.17
#507,Bike Ninja Obby [HALLOWEEN],"1,388","29,586,246","10,835","3,296","3,185",50.86
#508,Midnight Burger [HORROR],"1,386","26,569,267","448,791","53,093","8,406",86.33
#509,Brazilian Community [TTD CMBr],"1,385","77,546,170","59,854","18,821","2,271",89.23
#510,Goofy Gods âš¡ï¸,"1,384","66,788,259","111,871","41,625","8,116",83.68
#511,[ğŸ’°ğŸ€]âš½Goal Kick Simulator,"1,383","301,289,337","624,699","243,530","20,972",92.07
#512,â™  Twenty One ğŸƒ,"1,382","26,809,802","464,508","112,032","7,369",93.83
#513,The Highest Ever Waterslide Obby,"1,382","39,776,059","6,003,034","14,042","7,665",64.69
#514,Doge Head Escape,"1,378","307,756,404","214,935","36,718","27,624",57.07
#515,Furry Infection game [Furinfection],"1,377","152,335,317","130,779","20,251","9,720",67.57
#516,Cali Shootout ğŸ’¥,"1,375","48,611,223","139,526","114,510","13,952",89.14
#517,KeyWest ğŸ  RP [UPDATE 17],"1,375","70,534,150","83,419","12,555","4,385",74.11
#518,[AKUMA VAMPIRE!] Ro-Ghoul [ALPHA],"1,374","962,166,253","2,049,170","786,801","82,393",90.52
#519,Horse Valley,"1,369","381,390,384","797,647","213,742","33,957",86.29
#520,Laundry Simulator,"1,368","431,448,662","1,517,060","445,148","58,634",88.36
#521,Every Click +1 Speed âš¡,"1,364","18,866,170","2,116,290","15,179","1,474",91.15
#522,Escape Mr Funny's ToyShop! (SCARY OBBY),"1,356","384,792,256","381,269","77,386","50,889",60.33
#523,Hello Neighbor [2 Acts][Xbox support],"1,354","148,293,005","115,671","26,092","7,371",77.97
#524,Monster Skins | Prehistoria | Dinosaur Survival,"1,352","47,720,097","76,880","17,807","3,097",85.18
#525,Car Driving Indonesia,"1,351","209,972,653","274,532","87,708","19,444",81.85
#526,[ğŸƒ] Pass the Bomb!,"1,350","118,501,621","1,373,966","154,629","27,436",84.93
#527,The Wild West,"1,344","272,307,607","1,511,391","573,948","81,464",87.57
#528,Tower Heroes âš”ï¸,"1,344","438,276,465","795,914","328,589","38,655",89.47
#529,Madi's Wardrobe,"1,342","1,436,413","16,531","6,101","1,206",83.5
#530,Speed Runner!,"1,339","282,168,496","338,774","70,591","33,210",68.01
#531,[ğŸƒ] free mm2,"1,339","1,349,848","133,153",457,188,70.85
#532,Naval Warfare,"1,336","447,154,248","1,132,879","326,980","40,330",89.02
#533,[ğŸƒUPD] Cake Off!,"1,336","41,264,385","2,516,059","416,037","7,161",98.31
#534,ğŸ€ Basketball Stars 3,"1,333","5,487,732","158,807","3,998","1,138",77.84
#535,Eat Blobs to Grow MASSIVE,"1,329","6,201,390","309,123","18,671","4,912",79.17
#536,[ğŸ’‰QOL + ğŸƒHalloweenğŸ¦‡] Stands Awakening,"1,324","234,428,947","384,539","180,666","38,431",82.46
#537,Five Nights At Freddy's Doom,"1,323","145,023,748","484,650","119,401","11,961",90.89
#538,Dunk Battles!,"1,320","2,383,311","13,142","51,411",769,98.53
#539,[UPD 4] MOUNT RNG ğŸ²,"1,318","3,661,369","15,630","47,958","1,225",97.51
#540,[ğŸ¤‘FREE] Sprunki Morphs ğŸ’€,"1,318","79,847,145","86,131","45,543","8,366",84.48
#541,ğŸƒ[Luck Boost] unConventional,"1,311","23,732,168","17,624","12,173","4,133",74.65
#542,Anime Training RNG ğŸƒ,"1,303","6,476,160","319,115","61,217","2,228",96.49
#543,[SUKUNA] Sorcerer Tower Defense ,"1,298","9,766,160","19,872","12,143","3,030",80.03
#544,Morph World!  [NEW BOSS UPDATE],"1,298","52,022,650","47,618","27,839","4,519",86.03
#545,[ğŸ”¥ğŸ’¥ PRISMATIC 2 UPD] Anime Fighters Simulator,"1,298","1,291,795,363","1,584,411","1,122,457","85,099",92.95
#546,[ğŸƒHALLOWEEN] PETS GO MODDED!,"1,296","216,256",911,469,44,91.42
#547,[Test Place] Realistic Hand RP ğŸ–ğŸ¤ [ğŸ”¨Test],"1,295","42,482,776","43,613","7,244","1,929",78.97
#548,Shadow Boxing Battles,"1,287","256,699,167","460,301","171,857","27,471",86.22
#549,[NEW MODE] Horrific Housing,"1,286","587,026,850","1,710,293","656,052","191,393",77.42
#550,[ğŸ˜¡BOSS] Pou Morphs!,"1,283","16,596,747","5,062","1,487",807,64.82
#551,Logo Race!,"1,283","31,238,814","2,338,940","4,120","5,826",41.42
#552,[HALLOWEEN] Colorblast: Sprunki Roleplay,"1,278","1,953,315","8,357","1,051",270,79.56
#553,cart ride around nothing,"1,278","370,778,710","554,978","253,849","84,584",75.01
#554,Don't Press The Button 7,"1,277","81,613,905","43,296","13,684","7,018",66.1
#555,ğŸ¢ Extreme Cart Line,"1,275","10,438,120","855,524","48,573","2,967",94.24
#556,[NEW MAP+KITS!] Midnight Racing: Tokyo,"1,274","115,797,424","591,388","195,987","23,630",89.24
#557,Rags To RichesğŸ¤‘,"1,273","555,562","4,030","7,945",296,96.41
#558,HAZE PIECE,"1,272","207,629,482","1,570,885","680,382","27,912",96.06
#559,[Hanami Awaken ++] Cursed Arena,"1,270","151,857,409","269,975","159,536","38,805",80.44
#560,[Test version]  Bilberry City,"1,261","26,852,137","22,664","2,847",740,79.37
#561,The Vampire Legacies 2 BETA,"1,260","9,747,066","59,750","17,670",977,94.76
#562,[â­] Airplane Simulator ,"1,253","166,181,337","497,379","207,396","36,906",84.89
#563,ğŸ‘‘STRONGEST PUNCH SIMULATOR,"1,251","386,530,237","893,517","265,204","22,559",92.16
#564,[âš°ï¸DUNGEONS UPD] Devas Of Creation,"1,250","20,140,547","242,232","117,443","12,649",90.28
#565,ğŸƒ Mega Hide and Seek! ğŸ‘»,"1,247","360,832,718","470,732","82,928","14,994",84.69
#566,[UPDATE] DEMON SLAYER 3D RP,"1,247","57,970,850","131,670","47,062","3,605",92.88
#567,[V2.6] Sonic.EXE RP ,"1,245","123,425,735","227,435","67,622","10,600",86.45
#568,â¤ï¸ Boys and Girls Hangout Club RP! â¤ï¸,"1,244","63,879,622","2,121,110","20,423","16,922",54.69
#569,ğŸƒ Easy Size Obby,"1,243","28,461,892","4,156,868","2,083",937,68.97
#570,Daycare 2 ğŸˆ (Story),"1,242","476,297,787","830,163","161,324","33,158",82.95
#571,ğŸƒBuild A Bridge Simulator,"1,240","28,605,925","871,065","157,259","5,880",96.4
#572,[UPD] Special Forces Simulator,"1,235","81,756,956","578,763","249,760","21,708",92
#573,Noob Army Tycoon,"1,231","328,358,856","1,160,341","484,354","43,866",91.7
#574,Guerra de Torres,"1,228","284,147,156","414,282","105,359","35,822",74.63
#575,Toilet Simulator,"1,228","4,812,404","124,882",433,369,53.99
#576,ğŸŒ™ Dreamhaven Tycoon,"1,226","165,973,500","160,723","139,492","4,847",96.64
#577,Pull Up Simulator,"1,212","79,559,251","5,660,936","472,815","10,726",97.78
#578,Pokemon Brick Bronze | Bronze Reborn,"1,212","124,153","1,069",288,44,86.75
#579,The Powder Box,"1,206","32,244,119","99,420","28,110","1,973",93.44
#580,ğŸš€ [UPD] Flying Boot Race Simulator,"1,204","15,752,711","1,256,990","69,097","1,973",97.22
#581,Every Step +1 Speed âš¡,"1,202","754,428","87,611","1,379",126,91.63
#582,nico's nextbots ,"1,200","537,475,283","2,012,787","678,999","58,332",92.09
#583,Undertale Test Place Reborn,"1,196","107,636,015","350,337","124,846","25,097",83.26
#584,[FREE GEAR 5 REWORK + DRAGON REWORK] Cat Piece,"1,195","61,552,410","79,543","58,611","8,823",86.92
#585,Midnight Station [HORROR],"1,195","48,264,970","633,561","70,924","7,747",90.15
#586,Breaking Point 2 ğŸƒ,"1,194","120,475,482","270,000","110,819","43,729",71.71
#587,ğŸ’ª Training Simulator,"1,190","56,774,985","5,911,939","41,745","2,760",93.8
#588,Wizard Tycoon - 2 Player,"1,190","655,537,114","1,869,024","426,160","60,858",87.5
#589,[upd5.3] superbox siege defense,"1,187","132,932,706","124,564","73,298","12,373",85.56
#590,Easy Pole Obby,"1,186","61,476,966","878,181","21,753","7,838",73.51
#591,Bou's Revenge [HORROR],"1,184","94,118,522","1,792,405","134,039","16,214",89.21
#592,Bridge Destruction,"1,182","1,409,645","6,662","1,333",293,81.98
#593,Car Racing Simulator,"1,180","49,748,616","4,908,321","8,989","2,770",76.44
#594,Randomizer [ğŸ”ªUPDATEğŸŸ],"1,179","129,674,887","604,888","216,136","45,950",82.47
#595,Last To Leave,"1,178","501,034,070","468,202","154,115","62,604",71.11
#596,Jule's RNG [ğŸƒ10K LUCK],"1,174","8,326,514","110,921","112,915","2,238",98.06
#597,[ğŸFREE] Shin Sonic Tapes Morphs,"1,173","32,103,435","36,002","21,181","2,453",89.62
#598,All of Us Are Dead,"1,172","212,613,532","140,534","44,047","14,220",75.6
#599,Tug of War Simulator,"1,171","21,365,714","854,237","25,620","1,223",95.44
#600,Build To Survive the Disasters,"1,171","25,555,593","57,276","81,752","3,297",96.12
#601,[FREE KJ] Mystic Battleground,"1,168","26,688,281","20,444","4,638","9,834",32.05
#602,[ğŸƒ] Crate Crushers,"1,167","3,519,791","112,808","71,733","1,878",97.45
#603,ğŸ©¸Blood & Gore (BETA),"1,165","3,534,042","380,488","3,117","1,882",62.35
#604,Murder Me ğŸ”ª,"1,164","10,908,667","17,428","17,322","4,779",78.38
#605,[ ğŸ‚ AUTUMN] Countryball World ğŸŒ,"1,164","59,795,444","128,833","33,546","5,993",84.84
#606,Escape Angry Head,"1,161","58,739,956","25,848","3,291","2,364",58.2
#607,Animals Capture The Flag,"1,161","103,223,429","69,455","23,595","4,885",82.85
#608,Public Bathroom Simulator,"1,158","468,407,775","845,271","210,316","45,345",82.26
#609,[ğŸŒGLOBAL MATCHMAKING + GAMEMODE] Fortune Fighters,"1,156","15,034,828","51,248","106,648","6,172",94.53
#610,Survive 100 Days In Nuclear Bunker,"1,155","70,624,923","67,771","37,892","10,500",78.3
#611,ğŸ†Color Escape! [LIGHT FESTIVAL!],"1,154","126,283,071","166,343","47,509","14,369",76.78
#612,Math Answer or Die,"1,153","238,860,243","130,005","46,976","12,773",78.62
#613,â¤ï¸ Ro-meet: Talk to Strangers,"1,153","215,245,564","2,447,954","280,975","66,966",80.75
#614,Animal Sim: Underwater,"1,153","159,969,846","152,746","27,313","5,280",83.8
#615,Flicker ğŸ’¡,"1,153","754,054,641","2,143,901","561,068","50,005",91.82
#616,Scream Stream [HORROR],"1,151","27,517,750","246,122","29,686","4,793",86.1
#617,Tower of Misery,"1,148","3,787,316,170","2,747,032","735,817","196,038",78.96
#618,The Classic Soccer,"1,146","11,460,262","6,603","4,518","1,409",76.23
#619,3008 - 100 Players,"1,146","75,753,565","76,824","19,578","6,971",73.74
#620,Happy Land ğŸ¡RP,"1,145","526,842,536","235,919","37,921","20,570",64.83
#621,Car Race Simulator,"1,141","11,040,799","735,951","64,760","2,371",96.47
#622,[ğŸƒ]Infection Gunfight,"1,138","7,001,489","81,006","12,069","2,469",83.02
#623,Escape Baby Bobby Daycare! (FIRST PERSON OBBY),"1,138","401,886,056","7,408,960","22,041","24,965",46.89
#624,2 Player Sushi Tycoon ğŸ£,"1,138","8,393,833","47,604","49,146","1,133",97.75
#625,T-Titans Battlegrounds,"1,138","635,233,301","1,056,508","300,835","92,415",76.5
#626,Be a SharkğŸ¦ˆ,"1,137","53,413,255","109,973","99,091","13,343",88.13
#627,Dress To Slay ğŸ‘ ,"1,137","27,468,145","751,904","29,532","19,399",60.35
#628,Cash Tycoon!,"1,136","75,341,370","6,111,509","51,028","4,059",92.63
#629,[gold update] raise a floppa 2,"1,134","160,690,099","669,079","362,991","34,645",91.29
#630,Block Puzzle,"1,131","6,338,622","30,414","7,694","1,142",87.08
#631,3-2-1 Blast Off Simulator,"1,131","283,820,606","785,618","226,415","24,410",90.27
#632,[RELEASE] Frisbee Frenzy,"1,130","689,219","12,203","2,664",436,85.94
#633,[ğŸ˜ºNEW] Find The Floppa Morphs (855),"1,129","233,823,550","295,583","89,147","13,141",87.15
#634,{MECHANICS} Monday Morning Misery [Beta],"1,127","300,978,978","841,428","306,229","34,455",89.89
#635,[HALLOWEEN ğŸƒ ] THE HOUSE TD,"1,122","195,269,726","146,632","102,148","8,387",92.41
#636,MIC UP ğŸ”Š 17+,"1,122","30,797,814","56,626","17,442","2,198",88.81
#637,[EVENT ğŸƒ] Find The Auras [450],"1,119","17,232,943","1,315,069","32,158","4,122",88.64
#638,[X3] Dig To Hell Simulator,"1,117","27,726,492","3,390,027","37,773","4,606",89.13
#639,Build to Survive the Tsunami ğŸŒŠ,"1,116","42,714,680","1,371,542","18,703","4,914",79.19
#640,Silly Billy | Friday Night Partying,"1,111","51,707,578","133,686","49,434","5,757",89.57
#641,ğŸ›ï¸ Fashion Show,"1,110","97,485,629","108,019","16,658","3,507",82.61
#642,Decaying Winter,"1,105","41,212,822","195,108","80,357","6,849",92.15
#643,Altitorture [2 Player Obby],"1,104","259,009,254","988,309","174,791","23,350",88.22
#644,[ğŸƒ] Auras of Calamity,"1,103","891,229","4,039","2,248",595,79.07
#645,Hero Brawl,"1,102","252,128,404","104,762","20,688","6,463",76.2
#646,ROBLOX Rally Racing,"1,099","59,813,777","199,956","64,497","7,600",89.46
#647,BayView RP ğŸ ,"1,098","554,130,398","545,147","78,246","13,592",85.2
#648,ğŸ¦ˆ Shark Dive Line,"1,097","6,630,902","15,776","16,857","4,747",78.03
#649,Garten of Banban,"1,092","251,090,413","316,776","139,279","20,907",86.95
#650,[C63] Car Driving Ultimate,"1,089","37,524,558","46,360","8,254","1,864",81.58
#651,Doodle Transform!,"1,088","90,343,668","198,666","29,755","10,606",73.72
#652,ğŸ”¥NEED MORE HEATğŸ”¥,"1,086","88,912,872","199,166","97,213","6,524",93.71
#653,ğŸƒ Harbor Havoc,"1,085","183,098,148","266,937","147,026","20,201",87.92
#654,Legends Arena,"1,081","43,264,254","224,424","131,751","4,710",96.55
#655,Generic Cooking Game [BETA][UPD2.15] ,"1,081","54,829,835","446,732","75,619","7,440",91.04
#656,Who's SUS?,"1,075","36,007,665","123,128","31,318","9,232",77.23
#657,Beeface!,"1,073","416,642,513","850,340","209,490","18,124",92.04
#658,[AWAKENING] ğŸŒ± Grass Cutting Incremental ğŸŒ±,"1,072","22,943,643","64,198","33,382","4,322",88.54
#659,Seaboard City RPğŸŒ´,"1,070","479,453,897","987,896","152,110","39,114",79.55
#660,[SHOP!] Ophelia,"1,069","2,830,527","55,241","2,855","1,414",66.88
#661,ğŸ“ Sell paperclips to RULE THE WORLD! ğŸŒâœ¨,"1,068","11,266,140","402,086","112,085","3,948",96.6
#662,Launch Into Space Simulator,"1,065","56,060,327","135,742","336,928","8,093",97.65
#663,Glow Up Tycoon ğŸŒŸ,"1,061","316,691","2,437","3,645",303,92.33
#664,My Perfect School,"1,061","12,324,758","7,062","1,190","2,150",35.63
#665,[ğŸ²PART 2!] Rebirth Champions X,"1,058","132,239,614","336,111","254,239","11,671",95.61
#666,Mad City: Chapter 2,"1,058","2,569,106,910","5,841,613","1,839,308","363,286",83.51
#667,[EP 77 PART 3] [5X EXP] Skibi Defense,"1,057","273,451,127","738,625","143,820","10,347",93.29
#668,[ğŸƒEVENT]ğŸš—Midnight Chasers: Car Racing,"1,055","22,599,640","123,125","53,354","5,373",90.85
#669,(HALLOWEEN) Interliminality (ALPHA 1.3.6),"1,055","39,846,487","497,291","115,256","10,176",91.89
#670,FRONTLINES,"1,054","145,748,337","1,389,937","393,865","56,864",87.38
#671,Emergency Emden V2,"1,054","31,292,411","62,162","29,587","4,862",85.89
#672,Color Hide and Seek,"1,053","203,462,007","166,680","68,225","15,625",81.37
#673,Teamwork Puzzles,"1,049","606,572,250","529,503","81,322","27,105",75
#674,[RELEASE] Saberforce âš”ï¸,"1,048","449,769","8,670","4,467",785,85.05
#675,Zooo,"1,048","136,810,162","67,099","18,306","6,188",74.74
#676,Don't Shatter [2 Player Obby],"1,048","28,734,457","250,760","166,892","4,723",97.25
#677,Creepy CrawlersğŸ•·ï¸,"1,045","7,306,772","22,371","6,734","1,291",83.91
#678,Find Switches! ğŸ”,"1,041","1,759,139","263,653",808,295,73.25
#679,[ğŸƒEvent] Polish Car Driving,"1,041","42,160,946","128,401","53,709","9,294",85.25
#680,[ğŸƒSEASON 11] SPECTER,"1,039","95,230,326","452,270","159,528","7,852",95.31
#681,Typical Colors 2 [ğŸƒ] [MOBILE BETA],"1,039","116,981,700","470,909","161,186","41,095",79.68
#682,Your Hospital,"1,037","2,619,072","67,831","15,319","1,160",92.96
#683,Short and Tall [2 Player Obby] X,"1,033","1,395,121","131,079",152,54,73.79
#684,Ride a Cart Simulator,"1,033","142,002,726","220,346","480,440","24,884",95.08
#685,ğŸƒMakeover Show,"1,031","72,838,335","6,375,533","14,651","7,044",67.53
#686,Classic Sonic Simulator V12,"1,031","134,553,747","450,337","152,264","25,484",85.66
#687,Zombie lab [ğŸ‰100M visitsğŸ‰],"1,031","135,539,427","195,642","48,436","28,185",63.22
#688,Vayhood Hangout â¤ï¸,"1,030","8,057,087","848,609","2,170",873,71.31
#689,Family Life ğŸ  RP,"1,030","184,769,197","118,462","49,697","7,443",86.97
#690,Those Who Remain,"1,028","99,510,684","1,030,947","378,677","22,009",94.51
#691,KAT,"1,026","1,431,236,908","4,174,726","1,548,399","223,681",87.38
#692,Swordmaster Simulator [RE-ROLLS],"1,026","8,627,379","26,741","18,995","1,710",91.74
#693,Find Portals! ğŸŒ€,"1,024","569,937","95,698",108,79,57.75
#694,5v5 MM2 Mansion 2,"1,024","228,838,508","225,601","68,531","25,367",72.98
#695,Tax Fraud Tycoon,"1,022","4,183,396","73,716","44,928","2,980",93.78
#696,[DINOğŸ¦–] Pet Racer Simulator,"1,020","27,713,505","79,056","162,354","3,916",97.64
#697,Carry Me! [2 Player Obby] ,"1,018","99,442,782","358,314","60,737","11,933",83.58
#698,YooBroxDD's DOORS RP ğŸ‘ï¸,"1,016","14,653,293","17,800","11,641","2,206",84.07
#699,[HALLOWEEN PART 2] ğŸƒ Hoops Life BasketballğŸƒ,"1,015","117,608,733","217,587","80,072","27,195",74.65
#700,[Halloween] Horse World,"1,013","563,838,451","1,356,171","303,452","39,683",88.44
#701,[Hammer] Teardown the bridge Destruction,"1,012","25,377,530","1,804,090","22,140","4,174",84.14
#702, ğŸš My Prison,"1,011","119,317,039","459,330","158,870","25,443",86.2
#703,Clone Frenzy,"1,011","2,743,732","385,167","1,348",111,92.39
#704,Avatar Outfit Creator,"1,009","200,921,111","151,499","31,581","8,186",79.42
#705,Phantom Forces Console,"1,008","186,870,664","2,236,837","927,501","107,241",89.64
#706,Fall in a Hole!,"1,008","30,775,116","30,141","80,414","3,774",95.52
#707,Where's the Baby! ,"1,007","331,353,066","1,563,070","331,527","84,517",79.69
#708, Gun Armory Tycoon,"1,006","32,066,588","55,544","46,677","3,736",92.59
#709,Meme Race ğŸ˜‚ ,"1,005","6,055,162","206,622","13,600",627,95.59
#710,Better Meme?,"1,003","12,812,888","1,256,991","87,982","3,642",96.03
#711,Boxywood RP ğŸ  [HALLOWEENğŸƒ] ,"1,002","24,324,056","548,000","8,779","1,487",85.52
#712,Tower of Jump [FREE HALOSğŸ˜‡],"1,002","617,364,351","723,970","161,546","32,925",83.07
#713,ğŸƒ Super Golf!,999,"206,305,498","805,822","275,383","71,028",79.5
#714,School Thugs ğŸ‘ŠğŸƒ,998,"5,591,553","460,012","11,529","1,373",89.36
#715,BIG Paintball! Classic ğŸ”«,996,"1,767,380,825","5,062,042","2,121,668","371,918",85.09
#716,"(ğŸ“± PHONES, MINIMAP, AND MORE!) Rensselaer County",995,"66,714,248","249,338","56,519","10,114",84.82
#717,Better Anime?,994,"9,852,338","315,209","274,209","7,580",97.31
#718,BOSSğŸƒ Swordburst 3 âš”ï¸ RPG Adventure,992,"27,085,912","248,502","108,403","10,298",91.32
#719,Almost Accurate DOORS RP [UPDATE #2.8],987,"84,253,919","133,284","50,855","5,725",89.88
#720,Logo Block Race,985,"66,530,691","9,341,619","16,258","2,797",85.32
#721,Skibidi Toilet War,983,"17,303,899","7,996","2,505","1,246",66.78
#722,CENTAURA,981,"29,186,700","360,507","132,294","10,157",92.87
#723,ğŸƒ Airship Assault,981,"28,161,725","188,900","73,265","10,835",87.12
#724,LAVA Game ğŸ”¥,980,"43,002,184","2,841,505","13,953","3,670",79.17
#725,[ğŸƒUPD] Imposters & Roles | Among Us,980,"79,169,387","62,420","24,942","4,153",85.73
#726,ğŸ“FORGOT MY EXAMğŸ“ [1M],977,"2,462,820","292,548",714,405,63.81
#727,Find The Simpsons [263],977,"111,709,120","177,092","65,901","4,948",93.02
#728,Every Second You Get +1 Speed But Youâ€™re On a Bike,977,"125,546,346","3,690,064","129,726","9,778",92.99
#729,Boss Tycoon,975,"5,583,581","32,716","24,507","2,021",92.38
#730,Draw and Guess!,974,"2,462,960","2,559",464,634,42.26
#731,ğŸ’ªğŸ» Lifting Simulator,973,"561,322,408","1,104,483","278,991","46,173",85.8
#732,[2X WEEKEND] Wacky Worlds ,971,"490,019","17,378","3,565",635,84.88
#733,DON'T DIE,968,"207,391,968","265,257","271,827","33,575",89.01
#734,Power-Up Soccer,968,"828,635","1,242",725,186,79.58
#735,ğŸƒ Drift Paradise,966,"269,308,653","902,496","451,969","48,850",90.25
#736,Building towers to fly farther ğŸª‚,965,"96,667,217","173,005","333,321","12,694",96.33
#737,UPDATE! School Bus Simulator 24,964,"34,358,388","88,955","23,453","5,825",80.1
#738,Treasure Hunt Simulator,962,"672,708,352","3,423,789","949,429","96,734",90.75
#739,ICE SPICE'S PRISON RUN! (Obby),962,"2,772,950","627,240",52,66,44.07
#740,Vacation âœˆï¸ (Story),960,"369,534,168","599,972","90,815","23,147",79.69
#741,Draw a Blank!,959,"52,100,929","662,949","27,077","5,514",83.08
#742,[ğŸ’UPD]Demon WarriorsğŸ‘º,958,"9,594,169","60,064","169,720","3,534",97.96
#743,[ğŸƒ] Scary Elevator [Survive the Killers!],956,"415,809,064","1,751,863","410,521","88,412",82.28
#744,Every Second You Get +1 Jump,956,"374,536,360","4,556,798","212,516","15,920",93.03
#745,Catwalk Show,954,"301,317,356","136,824","55,003","16,076",77.38
#746,Bilberry CityğŸ RP ,953,"177,573,480","19,260,989","89,882","10,858",89.22
#747,[HALLOWEEN] ğŸƒ Zombie Battle TycoonğŸƒ ,951,"153,162,711","225,715","88,461","8,695",91.05
#748,Fashion Famous: ğŸ“¸,950,"2,259,043,029","4,743,126","565,159","101,879",84.73
#749,[ğŸƒ] Project Baki 3,949,"63,268,994","174,540","74,955","18,524",80.18
#750,Board Smash!,943,"39,479,978","58,791","66,316","4,450",93.71
#751,Figure's Library,943,"8,585,245","9,714","5,043","2,752",64.7
#752,[new maps!] brawl 2,942,"137,119,893","132,401","38,647","17,463",68.88
#753,ğŸƒ Zombie Stories,940,"173,664,737","668,131","222,977","19,708",91.88
#754,[ğŸƒ UPD] Pacific Gymnastics ğŸ¤¸ RP,938,"40,055,840","3,013,295","18,962","2,822",87.05
#755,The Intruder,937,"349,064,618","1,048,817","204,512","24,473",89.31
#756,[ğŸ¥³NEW] SHIN TAPES MORPHS,933,"587,731",406,649,50,92.85
#757,Ben 10 Super Hero Time - Action Game,932,"431,538,902","1,185,526","46,212","18,615",71.29
#758,Knock the Blocks,932,"11,426,348","13,810","4,077","3,557",53.41
#759,[ğŸƒ] Resort Tycoon 2 ğŸŒ´,930,"61,254,841","1,727,007","229,352","5,749",97.55
#760,Timber 2! ğŸŒ²,930,"5,533,885","28,294","23,393","1,312",94.69
#761,ğŸƒ UGC Steal Points,929,"12,871,835","17,616","24,253","4,182",85.29
#762,Elevator of Fun [NEW!],925,"11,307,464","744,191","6,041","2,344",72.05
#763,ğŸ‰ Blox Hunt | Update v3.1.0!,924,"450,775,162","3,254,041","653,459","101,632",86.54
#764,Pick a Slide [Backrooms],924,"116,608,879","3,539,188","18,316","13,973",56.73
#765,PANIK,924,"250,122,288","519,591","122,313","22,257",84.6
#766,Color Book [HALLOWEEN],923,"26,630,261","102,298","24,388","2,468",90.81
#767,ğŸ’¸Rags to Riches,921,"3,206,267","109,876","12,462","1,553",88.92
#768,ğŸ’š Pulse RP ||  Malachite V1.1 ğŸ’š,921,"147,102,225","401,549","90,958","15,605",85.36
#769,ğŸŒŠTsunami Disaster SurvivalğŸŒŠ,919,"263,324,450","158,280","26,375","14,966",63.8
#770,MY MELODY'S PRISON RUN (OBBY),918,"682,740","158,152",36,23,61.02
#771,[Ultimate Mode] Console VS Coffin,917,"55,603,169","1,031,201","9,300","2,297",80.19
#772,Twisted [BETA],916,"35,937,930","271,474","75,114","10,715",87.52
#773,[LIMITEDâ­] Highway Legends,913,"9,255,497","50,538","23,877","2,848",89.34
#774,[UPD] Ice Fishing Simulator ğŸŸ,912,"14,409,589","57,152","35,366","4,121",89.56
#775,Street Life Console Support ğŸ®,912,"20,146,489","764,971","35,442","7,088",83.33
#776,[UPDATE] Fashion Stars â­,911,"176,183","12,421","1,368",376,78.44
#777,[PEAK! ğŸŸ] Dudes Battlegrounds ,909,"16,322,758","63,126","64,152","13,488",82.63
#778,[UPDATE!] Ultimate Tower Defense,909,"961,240,765","526,428","418,366","31,347",93.03
#779,Ultimate Ragdoll Playground,908,"73,769,555","83,311","11,429","2,443",82.39
#780,ğŸƒ The Maze Runner,908,"27,171,253","295,037","78,312","12,692",86.05
#781,Spray Paint & Skate ğŸ–Œï¸ğŸ›¹ ,906,"6,497,414","60,326","1,513",462,76.61
#782,[PROJECTION]Jujutsu Legacy,906,"10,724,436","36,066","28,385","5,276",84.33
#783,+1 Fat Every Second ğŸ”,903,"232,334,343","7,395,147","384,880","20,038",95.05
#784,Doodle Obby âœï¸,902,"107,363,773","117,016","24,691","14,782",62.55
#785,[ğŸGIFT] Titan Training Simulator,902,"42,192,923","1,593,160","78,000","4,406",94.65
#786,[Update5ğŸ ]â„Frozen Survival ğŸ¥¶,900,"584,115","5,313","3,794",377,90.96
#787,[COLORS] Poly Dash (Geometry Dash),900,"50,423,156","71,585","33,308","16,458",66.93
#788,Slayer Tycoon (v1.7),899,"201,809,220","663,291","197,459","31,931",86.08
#789,ğŸš— Driving Test Line,898,"4,240,482","15,699","19,883","3,276",85.85
#790,Elimination Tower,895,"241,891,912","711,249","133,586","59,798",69.08
#791,FREE ADMIN LAND,893,"39,797,142","3,114,005","9,250","6,451",58.91
#792,Dance for UGC ğŸ’ƒ,892,"31,477,613","102,032","73,133","6,632",91.69
#793,ğŸ”ªSONIC TAPES Barry's Prison Run,892,"5,020,395","1,004,489","1,495",386,79.48
#794,Don't Call At 3AM ğŸ“±,891,"238,956,727","262,720","59,405","61,651",49.07
#795,Go Flying!,891,"35,126,688","43,095","69,273","1,874",97.37
#796,Pet Tycoon ğŸ¾,889,"53,863,517","2,390,494","55,961","4,332",92.82
#797,ESCAPE CRAZY CAT LADY! (Obby) [ğŸ¤«Secret],888,"7,909,414","822,024","19,939","1,259",94.06
#798,Airplane [Story] âœˆï¸ ,884,"296,893,570","624,176","134,691","20,979",86.52
#799,PLS DONATE BUT INFINITE ğŸ’¸,884,"75,791,030","7,007,743","152,654","8,324",94.83
#800,just daytona. (9 NEW CARS),882,"46,355,814","111,601","32,491","5,483",85.56
#801,Build A Boat With Blocks,882,"38,979,281","21,444","12,670","2,086",85.86
#802,Salon Makeover ğŸƒ,881,"32,698,694","2,475,277","28,296","3,835",88.06
#803,weird strict dad [BOOK 2],880,"339,516,322","464,509","114,821","21,536",84.21
#804,town,880,"55,865,270","257,822","108,216","36,924",74.56
#805,ğŸ•·ï¸ Spider-Man Simulator,879,"612,977,009","6,955,417","142,515","119,628",54.37
#806,[ğŸ˜¨NEW] Find Toilet Rainbow Morphs,878,"17,092,458","220,847","2,500","1,059",70.24
#807,TPS: Ultimate Soccer,875,"169,759,807","310,972","77,336","18,340",80.83
#808,Block Tycoon â›ï¸ [HALLOWEEN EVENT] ğŸƒ,875,"85,630,922","247,568","82,803","19,620",80.84
#809,IMPOSSIBLE Obby to Heaven ğŸ˜‡,873,"24,460,077","2,621,853","38,074","11,452",76.88
#810,Pressure Wash Simulator 2,871,"56,372,319","163,573","280,686","13,915",95.28
#811,Bad Business ,871,"504,177,637","2,153,480","755,972","124,747",85.84
#812,Blackhawk Rescue Mission 5,869,"308,172,548","1,178,014","451,262","45,927",90.76
#813,Draw Obby [NEW],869,"130,470,413","100,777","20,403","12,559",61.9
#814,PARKOUR,868,"397,030,469","2,030,904","711,892","226,034",75.9
#815,[MAJOR UPDATE] No-Scope Arcade,867,"156,506,631","415,695","151,898","35,770",80.94
#816,ğŸˆBecome PRO and prove tom brady wrong!,867,"572,850","48,364",520,133,79.63
#817,Team Obby [UPD4],866,"39,689,969","5,180,008","2,989","1,789",62.56
#818,Blox Fruit But Bad,864,"50,727,823","26,311","11,334","5,013",69.33
#819,Ballroom Dance ğŸŒ¸,863,"202,228,590","339,738","99,138","10,531",90.4
#820,Become a Snake,863,"979,832","69,349",864,291,74.81
#821,DOORS TESTING ğŸ‘ï¸,861,"19,181,085","26,601","22,988","3,513",86.74
#822,ğŸ©¸MMV,859,"509,849","42,477",397,115,77.54
#823,Cloud Tower,856,"2,739,010","1,380",389,96,80.21
#824,[ğŸŒŒ ZONE 9!!! â˜„ï¸] Juke's Towers of Hell,856,"41,598,005","70,826","37,787","10,488",78.27
#825,[ğŸƒUPDATE!] HALLOWEEN BARRY'S PRISON RUN!,856,"21,867,975","6,762","2,402",436,84.64
#826,Meme Maker [UPDATED!] ğŸ˜¹,852,"21,520,494","62,835","24,610","7,598",76.41
#827,I Wanna Test The Game (Beta Test),851,"90,684,846","229,336","117,255","192,740",37.82
#828,[UPDğŸƒ] Scythe Simulator,850,"24,516,116","1,846,069","89,523","6,574",93.16
#829,Insane Elevator Testing,850,"152,857,502","56,813","13,428","7,771",63.34
#830,[ğŸƒHALLOWEEN 2.0] Z Piece,849,"31,710,052","401,102","86,370","12,198",87.62
#831,ğŸƒHALLOWEEN!ğŸƒRealistic Car Drivingâ„¢,848,"84,026,268","1,861,236","197,281","22,816",89.63
#832,TEAM GRANDMA ESCAPE!ğŸ‘µğŸ» (TEAMWORK OBBY),846,"151,786,660","10,595,438","3,700","2,858",56.42
#833,Draw & Donate ğŸ¨ğŸƒ,842,"28,150,896","1,036,969","25,456","3,656",87.44
#834,[BURNTRAP!!!] Fredbear's Mega Roleplay,839,"214,689,153","822,295","199,447","18,746",91.41
#835,Daycare ğŸˆ (Story),839,"463,982,307","980,515","153,714","24,382",86.31
#836,Shoot a Friend [2 Player Obby],836,"15,937,205","90,358","101,348","3,282",96.86
#837,[ğŸƒHalloween][Event!]âš”Sword Warriors!,834,"231,695,849","337,090","466,950","19,743",95.94
#838,[âš ï¸] FUNDAMENTAL PAPER EDUCATION RP,832,"11,389,600","32,652","6,706",861,88.62
#839,Put A Finger Down!,831,"39,870,367","158,683","24,079","5,613",81.1
#840,Eat Same Color Food Challenge,830,"63,289,029","4,168,007","12,890","2,556",83.45
#841,Frogge,830,"389,820,411","969,787","135,612","20,422",86.91
#842,[NEW] Touch Volleyball,830,"20,677,172","30,011","7,264","1,814",80.02
#843,[UPDATE] Track & Field: Infinite,829,"83,159,853","161,616","71,875","13,107",84.58
#844,Clone Kingdom Tycoon âš”ï¸,829,"97,993,975","159,268","45,856","8,587",84.23
#845,Guess the Logo Quiz for Admin,827,"69,661,643","9,741,448","17,737","4,327",80.39
#846,Energy Drink Simulator âš¡,827,"4,901,886","527,260","58,567","1,202",97.99
#847,ğŸ”¥Life Sentence ,827,"35,735,021","130,336","87,837","18,989",82.22
#848,Destroy The Ship!,826,"167,424,394","229,685","94,273","18,536",83.57
#849,[ğŸƒHalloween] Ninja Battlegrounds,825,"37,627,865","146,490","210,258","12,204",94.51
#850,Mental [HORROR],824,"21,782,117","2,061,989","62,591","12,227",83.66
#851,Hole in the Wall,824,"511,832,507","2,294,328","433,674","139,326",75.68
#852,The Normal Elevator [HALLOWEEN],823,"532,323,771","2,940,138","769,205","59,383",92.83
#853,Consume [ğŸƒHORROR],823,"8,676,268","179,553","20,389","2,868",87.67
#854,Neighbors ğŸ”Š [17+] ğŸƒ,821,"21,343,831","63,963","11,400","1,483",88.49
#855,Buckshot Mayhem ğŸ’¥,821,"24,028,607","159,421","25,646","6,057",80.89
#856,Maple County | FALL UPDATE,820,"4,941,172","84,517","19,144","1,649",92.07
#857,Five Nights MODDED [ ENDLESS!],820,"184,405",272,195,19,91.12
#858,[ğŸƒFREE] Sprunki Morphs!,819,"812,809","169,273",337,142,70.35
#859,5v5 MM2 Hotel 2,819,"78,768,613","81,002","19,767","7,247",73.17
#860,PHIGHTING! [ALPHA],819,"28,365,624","253,872","94,824","6,164",93.9
#861,PRANK THE TEACHER ğŸ¤®,818,"9,520,755","910,883","9,210","1,456",86.35
#862,[SMALL UPD] Dragon Ball Final Remastered,817,"51,038,086","260,742","83,756","13,304",86.29
#863,Teddy ğŸƒ,816,"674,227,893","731,510","113,161","33,758",77.02
#864,Heads Up,816,"42,968,817","138,271","19,107","9,139",67.64
#865,A Long Road - ALPHA,815,"16,214,001","65,195","21,060","2,256",90.32
#866,Just a Rope Bridge,814,"186,928,935","200,171","34,901","24,910",58.35
#867,FALL BUT 100 PLAYERS [HALLOWEEN],813,"36,636,226","333,452","123,133","7,246",94.44
#868,Base Battles ğŸ”« Gun Shooting,813,"264,592,416","770,059","387,469","72,356",84.26
#869,Balloon GameğŸˆ[UPDATE],812,"12,689,030","4,313","2,639",324,89.07
#870,ğŸ˜‡ Line to Heaven,812,"16,707,921","51,512","74,648","16,949",81.5
#871,Jurassic Blocky,811,"12,640,396","48,209","22,158","3,964",84.83
#872,Drive X ğŸï¸ CARS,810,"35,029,159","28,220","9,901","1,585",86.2
#873,Avatar Simulator [Outfit Ideas],808,"97,527,799","46,370","6,015","2,339",72
#874,Ø´Ø§Ù„ÙŠÙ‡ Ù…Ø­Ù…Ø¯ ( ØªØ®ÙÙŠØ¶Ø§Øª40%),808,"25,155,450","654,631","15,385","8,903",63.34
#875,Blast Zone,808,"3,776,380","28,136","10,007","1,230",89.05
#876,[ğŸƒ] Desert Bus,807,"11,788,345","92,047","25,740","2,411",91.44
#877,Street Shootout (Alpha),804,"33,148,648","127,316","35,628","14,251",71.43
#878,SKYDIVE Off A TOWER! ğŸª‚,804,"97,288,420","1,995,554","668,765","12,149",98.22
#879,Name or Die,802,"51,281,611","56,435","15,895","5,026",75.98
#880,Midnight Motel [HORROR],802,"23,591,191","122,877","69,468","7,091",90.74
#881,RogueBlade [bard and dealer update],800,"1,970,463","17,929","5,814",484,92.32
#882,Glass Obby (HARD)â—,800,"484,554","63,914",325,234,58.14
#883,Murder Party,796,"692,789,707","1,049,736","256,925","71,020",78.34
#884,Samyx's MM2 ğŸƒ,793,"377,786",366,54,13,80.6
#885,Shoot and Eat Noobs,791,"57,163,239","148,358","52,480","8,213",86.47
#886,[ğŸƒ] Build a Boat Simulator,791,"2,187,124","159,843","17,035",566,96.78
#887,Zombie Survival Garry's Mod,790,"52,325,609","94,077","21,650","7,489",74.3
#888,[ğŸƒ] Undertale RP: Crossing Timelines,790,"25,502,937","110,746","24,860","4,771",83.9
#889,[HALLOWEEN] Residence Massacre,789,"138,517,720","395,725","95,740","9,450",91.02
#890,Parkour Run!,789,"425,001,309","567,605","102,074","29,575",77.53
#891,Lucky Avatars! [Outfits Catalog] ,789,"40,490,529","2,151,165","4,136","1,242",76.91
#892,Airsoft Battles,787,"10,803,256","228,469","13,500","3,900",77.59
#893,RoCitizens ğŸš¢,785,"853,142,816","3,749,219","1,131,644","140,924",88.93
#894,[UPD] RoTube Life!,784,"305,192,762","915,909","473,186","27,394",94.53
#895,raise a floppa ,784,"209,140,931","1,118,619","654,607","68,422",90.54
#896,[EmotesğŸŠ]Balloon Pop: Find Your Match ğŸ”Š,784,"32,327,551","109,271","33,467","5,832",85.16
#897,HALLOWEEN | Randomly Generated Droids,783,"34,139,932","104,052","35,007","5,360",86.72
#898,ğŸ’ª Muscle Race Simulator,783,"8,053,471","434,916","10,577",436,96.04
#899,ğŸ•¸ï¸ğŸ•·ï¸Survive Spiderman The Killer!,781,"10,774,366","2,030,051","1,217",623,66.14
#900,Kitty All Maps,778,"1,418,656,400","2,001,862","411,502","66,658",86.06
#901,TURBO TOWER BATTLES OBBY EDITION,777,"14,380,707","12,900","2,588","1,936",57.21
#902,Destroy Grandma ,777,"28,198",281,78,13,85.71
#903,[AGES] Wings of Fire [Beta],776,"90,840,316","340,456","104,831","4,777",95.64
#904,HOURGLASS (V1.2),776,"2,067,114","36,692","10,232","6,769",60.18
#905,Murder Drones: Reassembled  [RP] BETA ,774,"12,504,067","71,087","20,585","1,154",94.69
#906,5v5 MM2 Milbase,773,"132,392,495","130,083","39,453","15,420",71.9
#907,HCBB 9v9 2.0,773,"33,376,770","66,265","24,202","5,513",81.45
#908,KJCT : KJ Character Testing [UPDATE!],767,"1,601,540","1,603",737,514,58.91
#909,Mall Tycoon,767,"397,672,690","1,227,454","388,982","27,998",93.29
#910,5v5 MM2 Factory,767,"71,501,445","74,063","20,308","8,340",70.89
#911,a snowy trip â„ï¸[NEW],767,"25,070,130","103,961","94,322","10,058",90.36
#912,Clone Yourself,766,"179,895,607","271,501","57,241","36,104",61.32
#913,BARRY'S PRISON RUN WITH ITEMS! (OBBY),764,"1,444,752","191,401",12,11,52.17
#914,Bike Race SimulatorğŸš²[UPD] ,763,"33,374,822","31,134","27,556","2,206",92.59
#915,5v5 MM2 Remastered! [BETA],762,"26,308,244","17,567","4,490","2,286",66.26
#916,Be a Hole,762,"17,823,916","989,708","92,172","11,564",88.85
#917,[âš’ï¸UPDğŸï¸]Desert Island Survival,761,"109,637,809","270,533","74,947","11,231",86.97
#918,ğŸƒSonic Elevator,761,"41,494,188","45,429","20,125","5,317",79.1
#919,The Robloxia: Until Dawn,761,"5,712,164","51,865","14,691","2,724",84.36
#920,[0.23.1] Deadline,759,"31,192,244","340,333","112,360","20,762",84.4
#921,[IRONMAN] Marvel Omega,757,"306,811","3,612","1,337",288,82.28
#922,[NEW] ğŸ§  Telepathy!,757,"7,900,147","34,671","3,519","1,311",72.86
#923,1% Win Obby,756,"186,781,037","7,110,792","44,142","21,490",67.26
#924,Swordburst 2,756,"149,167,898","1,222,691","417,108","58,359",87.73
#925,RODOGRAU SP ,755,"163,012,983","185,696","44,394","6,923",86.51
#926,Turbo Doomspire BrickBattle (No CoolDown),755,"10,046,773","21,591","7,222","2,585",73.64
#927,Carros Rebaixados BR (Pre-Alpha),754,"84,814,682","66,639","9,706","1,405",87.35
#928,Color Chairs,753,"15,290,127","567,229","7,495","2,079",78.28
#929,[ğŸ’€Decay +ğŸƒHalloweenğŸ¦‡] Heroes World,753,"220,967,876","757,419","514,620","26,119",95.17
#930,ğŸ® [BETA] Transformers Crossfire,750,"9,334,030","42,933","14,757","1,575",90.36
#931,Ant War ğŸœ [ğŸ¯ HONEYPOT ANT & LOOTING],750,"24,942,622","416,695","20,325","3,047",86.96
#932,Climb Race Simulator,749,"17,843,797","44,887","154,198","2,202",98.59
#933,Snakey ğŸ,749,"98,009,527","93,333","15,488","6,285",71.13
#934,[HAWKEYE!] Mech Showdown (Alpha),748,"21,439,397","73,094","54,494","7,787",87.5
#935,Drag to Combine!,748,"7,158,496","329,536","15,619","2,261",87.35
#936,Final Stand,746,"487,255,495","1,542,396","536,268","60,264",89.9
#937,House Tycoon 2,746,"36,916,176","102,670","24,837","4,438",84.84
#938,GARENA FREE FIRE MAXğŸ†,746,"12,089,210","854,280","3,713",596,86.17
#939,ğŸ›ï¸Dress Up Very Charmin [Claim Free Gem],745,"28,647,926","326,689","1,696",621,73.2
#940,The Interview ğŸ”Š,745,"22,913,035","798,492","67,325","5,591",92.33
#941,ğŸ´ MY LITTLE PONY'S PRISON RUN! (Obby),743,"415,292","46,998",20,15,57.14
#942,The Rake REMASTERED,743,"155,325,321","1,478,738","502,446","39,141",92.77
#943,[Fighting Animation!!] Unknown Meme Animation,742,"52,574,748","416,974","114,063","4,812",95.95
#944,Hospital Tycoon ğŸ˜·,742,"329,553,666","2,177,419","557,193","39,084",93.45
#945,Squid Game O,741,"95,604,307","101,444","20,325","7,166",73.93
#946,Ball Eating Simulator [UPD],741,"63,398,806","4,197,056","136,660","10,151",93.09
#947,SharkBite Classic ğŸ¦ˆ,741,"1,574,318,674","5,028,423","1,578,664","183,462",89.59
#948,Circle Grinding Incremental,740,"1,063,747","10,760","10,611",821,92.82
#949,BACKFIRE!ğŸï¸ Motorcycle Mayhem,740,"75,984,230","225,126","134,511","10,256",92.92
#950,EVENTğŸ‘»Griffin's Destiny âœ¨RP Fantasy,739,"64,953,114","394,908","107,057","7,577",93.39
#951,ğŸƒ GREEDY NOOBS [4X CREDITS],739,"12,554,475","27,295","24,166","4,327",84.81
#952,[HALLOWEEN!] Kaiju Battlegrounds - Testing,737,"1,201,285","3,831","1,393",421,76.79
#953,Criminal Tycoon,737,"66,528,924","140,292","64,356","9,064",87.65
#954,â˜ï¸Cotton Obby!,736,"467,348,334","393,457","58,536","13,464",81.3
#955,Build a bunker to survive zombies tycoon,735,"37,166,364","45,105","35,466","7,647",82.26
#956,Kart Racing Simulator,733,"14,985,646","913,320","166,930","3,288",98.07
#957,"[MAPA] Sierra, Mexico.",733,"4,637,969","15,611","3,759",748,83.4
#958,ğŸ• Pizzeria Tycoon 2,731,"14,568,209","33,199","70,438","2,225",96.94
#959,ğŸƒğŸ“¸PhotoShoot x Green Screen Studio,730,"109,150,888","208,296","36,064","3,908",90.22
#960,[ğŸƒ] Granny,730,"507,080,828","1,212,129","108,133","17,698",85.94
#961,Obby But You Can't Jump,729,"309,641,191","15,448,796","117,772","25,852",82
#962,FORTLINE,729,"29,501,525","1,190,875","5,803","2,441",70.39
#963,[UPD] Oaklands ğŸƒ,728,"22,922,195","239,832","70,022","9,212",88.37
#964,Touch Soccer,728,"59,525,564","33,666","15,772","6,494",70.83
#965,[ğŸƒ HalloweenğŸƒ ]Be a Strongman,728,"2,028,756","1,918","1,274",545,70.04
#966,Anime Power Tycoon,728,"145,062,000","204,447","170,000","9,460",94.73
#967,[ğŸƒ ğŸ¦‡Halloween Part 1] Dragon Blox Ultimate,724,"238,146,791","747,929","236,468","20,585",91.99
#968,Radiant Residents,724,"88,803,221","436,475","94,147","9,066",91.22
#969,Chiquititas - Ray of Light Orphanage ğŸ«,723,"17,038,404","19,179","2,300",388,85.57
#970,Cabin Roleplay,722,"185,424,845","1,055,815","70,152","10,422",87.07
#971,Break In Simulator,721,"31,800,897","1,573,365","8,374","5,342",61.05
#972,[ğŸƒ] Tropical Resort Tycoon ğŸŒ´,721,"560,828,726","1,671,247","588,646","29,428",95.24
#973,[ğŸƒ] In Area 51 [ALPHA],721,"8,258,812","40,313","79,697","3,451",95.85
#974,Sonic Showdown,721,"25,737,895","88,867","30,056","7,927",79.13
#975,[UPDATE] Daybreak ,719,"28,237,102","244,014","51,198","7,580",87.1
#976,[FREE] Refinery Caves 2 ğŸƒ,718,"1,478,644","13,920","7,492","2,421",75.58
#977,Wrestling Legends [âš¡ï¸UPD2],717,"2,791,477","179,097","2,909",835,77.7
#978,Drawing Quiz ğŸ¨,717,"28,767,405","231,528","5,775","3,445",62.64
#979,[HALLOWEENğŸƒ] Dragon Ball Online Generations,716,"48,893,825","328,241","132,087","18,280",87.84
#980,[GOJO] Blox Fruits But Bad,715,"14,539,699","9,958","4,800","1,726",73.55
#981,[ğŸƒEVENT] Moto Trackday Project,714,"67,466,088","127,423","64,595","6,992",90.23
#982,Zoochosis ğŸƒ,714,"5,860,651","743,410",897,458,66.2
#983,Venom Simulator ,713,"105,440,628","47,562","9,534","9,420",50.3
#984,Sinking Ship Simulator,713,"28,395,944","1,401,842","21,895","7,028",75.7
#985,Parkour Civilization [OBBY],712,"402,867","27,153",608,"1,772",25.55
#986,Impossible Troll  Bridge (Squid Game),712,"1,519,955","181,122",731,109,87.02
#987,ğŸ€ KUROMI'S PRISON RUN! (Obby),709,"782,873","132,611",9,6,60
#988,+1 Blocks Every Second,708,"84,186,547","85,250","86,006","6,117",93.36
#989,Mo's Academy,708,"133,042,103","138,553","25,621","10,334",71.26
#990,Backstreets ğŸ‘Š,707,"1,037,973","3,472",505,188,72.87
#991,[ğŸ”¥NEW!] FORTBLOX,707,"715,978","2,517",972,183,84.16
#992,VR Hangout v1.5,707,"71,376,323","100,642","26,602","10,508",71.68
#993,[WORLD 3ğŸŒ] Find Buttons!ğŸ”,706,"15,510,442","488,174","26,953","1,807",93.72
#994,Sprunki,706,"820,647","117,570",412,330,55.53
#995,Impossible Glass Bridge (Squid Game),706,"52,787,998","21,433","8,880","2,867",75.59
#996,[MOBILE/CONSOLE FIXED - BETA] The Time  of Ninja,706,"5,136,808","80,497","25,291","2,841",89.9
#997,TEAM BORRY PRISON BREAKOUT!ğŸ‘® [TEAMWORK OBBY],705,"68,323,047","15,351","1,397",586,70.45
#998,[ğŸ‘»HALLOWEEN] ADC DANCE STUDIO,704,"11,811,628","8,996","4,344",429,91.01
#999,ğŸˆ Field Goal Simulator,703,"43,992,091","411,025","37,371","6,273",85.63
#1000,ğŸƒHALLOWEENğŸƒ After The Flash: Wintertide,703,"17,272,456","99,057","27,049","5,060",84.24
